source,target,source_contract,target_contract,lag,event_count,mean_forward_return,median_forward_return,WR
56500CE_return_5m,56500PE_forward_return_5m,56500CE,56500PE,1,3350,-0.02709670408724327,0.008389305590206675,0.5002985074626866
56500CE_return_5m,56500PE_forward_return_5m,56500CE,56500PE,2,3350,0.03973553607849613,0.04071842003254034,0.5044776119402985
56500CE_return_5m,56500PE_forward_return_5m,56500CE,56500PE,3,3350,0.04541767920459806,0.0,0.4982089552238806
56500CE_return_5m,56500PE_forward_return_5m,56500CE,56500PE,5,3348,0.15264362900857872,0.057100510183751396,0.5092592592592593
56500CE_return_5m,56500PE_forward_return_5m,56500CE,56500PE,10,3348,-0.0007027552328355137,0.0,0.4994026284348865
56500CE_return_5m,57000CE_forward_return_5m,56500CE,57000CE,1,3344,0.029003488882754645,-0.043103456284086406,0.4895334928229665
56500CE_return_5m,57000CE_forward_return_5m,56500CE,57000CE,2,3344,-0.008822294046631712,-0.05774098094108382,0.48654306220095694
56500CE_return_5m,57000CE_forward_return_5m,56500CE,57000CE,3,3344,-0.018201963565769808,-0.04104752009772028,0.4901315789473684
56500CE_return_5m,57000CE_forward_return_5m,56500CE,57000CE,5,3342,-0.09461104547099095,-0.07319056001475133,0.48114901256732495
56500CE_return_5m,57000CE_forward_return_5m,56500CE,57000CE,10,3342,-0.04443886743982616,-0.07325654790459879,0.4814482345900658
56500CE_return_5m,57000PE_forward_return_5m,56500CE,57000PE,1,3355,-0.018733093594107558,0.0,0.4992548435171386
56500CE_return_5m,57000PE_forward_return_5m,56500CE,57000PE,2,3355,0.036037455428038545,0.05859791178350804,0.5096870342771982
56500CE_return_5m,57000PE_forward_return_5m,56500CE,57000PE,3,3355,0.036798161660269786,0.013067909570068537,0.5025335320417288
56500CE_return_5m,57000PE_forward_return_5m,56500CE,57000PE,5,3353,0.12625581476788894,0.03700375323782623,0.5052192066805845
56500CE_return_5m,57000PE_forward_return_5m,56500CE,57000PE,10,3353,0.0020992053381045602,0.009124920156949656,0.5010438413361169
56500CE_return_5m,57500CE_forward_return_5m,56500CE,57500CE,1,3356,0.012604103219698327,-0.0803974488157877,0.483611442193087
56500CE_return_5m,57500CE_forward_return_5m,56500CE,57500CE,2,3356,-0.03640497772902001,-0.13043597728282208,0.4764600715137068
56500CE_return_5m,57500CE_forward_return_5m,56500CE,57500CE,3,3356,-0.03415048963806655,-0.07174959943203874,0.483611442193087
56500CE_return_5m,57500CE_forward_return_5m,56500CE,57500CE,5,3354,-0.11521337911832756,-0.10714143800083775,0.47227191413237923
56500CE_return_5m,57500CE_forward_return_5m,56500CE,57500CE,10,3354,-0.07410289448552215,-0.11637685912615581,0.4740608228980322
56500CE_return_5m,57500PE_forward_return_5m,56500CE,57500PE,1,3249,-0.0066982838939602975,0.0,0.49799938442597724
56500CE_return_5m,57500PE_forward_return_5m,56500CE,57500PE,2,3249,0.05020971543322357,0.029749509133097263,0.5060018467220684
56500CE_return_5m,57500PE_forward_return_5m,56500CE,57500PE,3,3249,0.04885559732502773,0.018009905447996744,0.502616189596799
56500CE_return_5m,57500PE_forward_return_5m,56500CE,57500PE,5,3247,0.12431182899210479,0.018009905447996744,0.5023098244533415
56500CE_return_5m,57500PE_forward_return_5m,56500CE,57500PE,10,3247,0.0053942332303386275,0.0,0.4970742223591007
56500PE_return_5m,56500CE_forward_return_5m,56500PE,56500CE,1,3908,-0.03866127827471699,-0.10254464599252344,0.48183213920163764
56500PE_return_5m,56500CE_forward_return_5m,56500PE,56500CE,2,3907,-0.02937493215888349,-0.08064516129032029,0.4832352188379831
56500PE_return_5m,56500CE_forward_return_5m,56500PE,56500CE,3,3906,-0.047537293023349206,-0.06578474991345473,0.4851510496671787
56500PE_return_5m,56500CE_forward_return_5m,56500PE,56500CE,5,3905,-0.07234767995378323,-0.09244707405009933,0.4798975672215109
56500PE_return_5m,56500CE_forward_return_5m,56500PE,56500CE,10,3903,-0.05830306598617259,-0.11000203707475009,0.47809377401998465
56500PE_return_5m,57000CE_forward_return_5m,56500PE,57000CE,1,4928,-0.05683471342565086,-0.061260246412707886,0.48336038961038963
56500PE_return_5m,57000CE_forward_return_5m,56500PE,57000CE,2,4927,-0.05347131571442753,-0.0690369347601063,0.4814288613760909
56500PE_return_5m,57000CE_forward_return_5m,56500PE,57000CE,3,4926,-0.06526167129377065,-0.06719890684509977,0.4835566382460414
56500PE_return_5m,57000CE_forward_return_5m,56500PE,57000CE,5,4925,-0.08440854179802403,-0.06533338172842207,0.48446700507614215
56500PE_return_5m,57000CE_forward_return_5m,56500PE,57000CE,10,4923,-0.06676759691000196,-0.07017543859649322,0.48039813122080033
56500PE_return_5m,57000PE_forward_return_5m,56500PE,57000PE,1,4996,0.06802425702733458,0.03693620403533515,0.5060048038430744
56500PE_return_5m,57000PE_forward_return_5m,56500PE,57000PE,2,4995,0.07021048788483823,0.03339641545142058,0.5049049049049049
56500PE_return_5m,57000PE_forward_return_5m,56500PE,57000PE,3,4994,0.07444685126439347,0.037949562344316234,0.5060072086503804
56500PE_return_5m,57000PE_forward_return_5m,56500PE,57000PE,5,4993,0.11864253180498971,0.02766864036300376,0.5045063088323654
56500PE_return_5m,57000PE_forward_return_5m,56500PE,57000PE,10,4991,0.0651457594577727,0.03914277326548188,0.5073131636946504
56500PE_return_5m,57500CE_forward_return_5m,56500PE,57500CE,1,4996,-0.0711124995638214,-0.08845401985131218,0.4747798238590873
56500PE_return_5m,57500CE_forward_return_5m,56500PE,57500CE,2,4995,-0.07585104687893954,-0.11038136762515194,0.4698698698698699
56500PE_return_5m,57500CE_forward_return_5m,56500PE,57500CE,3,4994,-0.08262138590478854,-0.09101996242059585,0.47336804164998
56500PE_return_5m,57500CE_forward_return_5m,56500PE,57500CE,5,4993,-0.1025385835508979,-0.08007778985299296,0.47766873623072303
56500PE_return_5m,57500CE_forward_return_5m,56500PE,57500CE,10,4991,-0.0944446846079547,-0.11013215859030367,0.4680424764576237
56500PE_return_5m,57500PE_forward_return_5m,56500PE,57500PE,1,4888,0.08028708512563215,0.0298747545665492,0.5061374795417348
56500PE_return_5m,57500PE_forward_return_5m,56500PE,57500PE,2,4887,0.0798486835665809,0.03531073446328037,0.5074687947616124
56500PE_return_5m,57500PE_forward_return_5m,56500PE,57500PE,3,4886,0.07438254855334815,0.03188785033568564,0.5081866557511256
56500PE_return_5m,57500PE_forward_return_5m,56500PE,57500PE,5,4885,0.11379968532502423,0.024558961974534554,0.5052200614124872
56500PE_return_5m,57500PE_forward_return_5m,56500PE,57500PE,10,4883,0.05885624602867544,0.03226847370119401,0.5076797050993241
57000CE_return_5m,56500CE_forward_return_5m,57000CE,56500CE,1,3331,0.017161919227095375,-0.06012467959874357,0.4890423296307415
57000CE_return_5m,56500CE_forward_return_5m,57000CE,56500CE,2,3331,-0.008528799468399751,-0.07388683647675975,0.4848393875712999
57000CE_return_5m,56500CE_forward_return_5m,57000CE,56500CE,3,3331,0.0008307782841950899,-0.06358381502890609,0.4863404383068148
57000CE_return_5m,56500CE_forward_return_5m,57000CE,56500CE,5,3329,-0.061893823335120134,-0.11933793389715674,0.4767197356563533
57000CE_return_5m,56500CE_forward_return_5m,57000CE,56500CE,10,3328,-0.03575177401674283,-0.10267739883320104,0.48197115384615385
57000CE_return_5m,56500PE_forward_return_5m,57000CE,56500PE,1,3953,0.015309919363406371,0.04402377283732051,0.5054389071591197
57000CE_return_5m,56500PE_forward_return_5m,57000CE,56500PE,2,3953,0.04343589162562026,0.04416961130742436,0.5056918795851252
57000CE_return_5m,56500PE_forward_return_5m,57000CE,56500PE,3,3953,0.020281097614612876,0.0,0.4983556792309638
57000CE_return_5m,56500PE_forward_return_5m,57000CE,56500PE,5,3951,0.05699513365159196,0.05405405405404906,0.5067071627436092
57000CE_return_5m,56500PE_forward_return_5m,57000CE,56500PE,10,3950,0.08096360762072896,0.08853063157502561,0.5146835443037975
57000CE_return_5m,57000PE_forward_return_5m,57000CE,57000PE,1,3962,0.025188864078822416,0.013762135856275393,0.502776375567895
57000CE_return_5m,57000PE_forward_return_5m,57000CE,57000PE,2,3962,0.04276668030958061,0.05392789462058545,0.508329126703685
57000CE_return_5m,57000PE_forward_return_5m,57000CE,57000PE,3,3962,0.014939351711406796,0.003251186683137064,0.5
57000CE_return_5m,57000PE_forward_return_5m,57000CE,57000PE,5,3960,0.0563691137669737,0.03683926721175368,0.5055555555555555
57000CE_return_5m,57000PE_forward_return_5m,57000CE,57000PE,10,3959,0.08122869647177909,0.06891402974788718,0.5125031573629705
57000CE_return_5m,57500CE_forward_return_5m,57000CE,57500CE,1,3963,-0.03981155633362539,-0.09750501864066052,0.4769114307342922
57000CE_return_5m,57500CE_forward_return_5m,57000CE,57500CE,2,3963,-0.05943577783875845,-0.13545546901457328,0.4706030784759021
57000CE_return_5m,57500CE_forward_return_5m,57000CE,57500CE,3,3963,-0.03083706123995753,-0.07680491551460022,0.4786777693666414
57000CE_return_5m,57500CE_forward_return_5m,57000CE,57500CE,5,3961,-0.06499143055642105,-0.10223585366937016,0.4746276192880586
57000CE_return_5m,57500CE_forward_return_5m,57000CE,57500CE,10,3960,-0.10991040914226076,-0.14014128880906185,0.4671717171717172
57000CE_return_5m,57500PE_forward_return_5m,57000CE,57500PE,1,3853,0.03358480287269095,0.023171391055825552,0.5037633013236439
57000CE_return_5m,57500PE_forward_return_5m,57000CE,57500PE,2,3853,0.06082876327597956,0.03789314134141364,0.5084349857254088
57000CE_return_5m,57500PE_forward_return_5m,57000CE,57500PE,3,3853,0.023474651232600806,0.02007091724092902,0.5035037633013236
57000CE_return_5m,57500PE_forward_return_5m,57000CE,57500PE,5,3851,0.058893427660950654,0.02271281911509959,0.5035055829654635
57000CE_return_5m,57500PE_forward_return_5m,57000CE,57500PE,10,3850,0.0779091791914297,0.0652337980925708,0.512987012987013
57000PE_return_5m,56500CE_forward_return_5m,57000PE,56500CE,1,3744,-0.038723426112400136,-0.1074261408203867,0.4791666666666667
57000PE_return_5m,56500CE_forward_return_5m,57000PE,56500CE,2,3743,-0.02736023929452488,-0.08747949699289848,0.48330216403954046
57000PE_return_5m,56500CE_forward_return_5m,57000PE,56500CE,3,3742,-0.04166757707318244,-0.06417832372616061,0.48663816141101013
57000PE_return_5m,56500CE_forward_return_5m,57000PE,56500CE,5,3740,-0.08800629414886,-0.1038288430174319,0.47807486631016044
57000PE_return_5m,56500CE_forward_return_5m,57000PE,56500CE,10,3739,-0.09480062684302078,-0.14818880351262465,0.4699117411072479
57000PE_return_5m,56500PE_forward_return_5m,57000PE,56500PE,1,4766,0.10666115064517104,0.08398959014179752,0.5117498950902224
57000PE_return_5m,56500PE_forward_return_5m,57000PE,56500PE,2,4765,0.08743597129618748,0.06448839208943014,0.5093389296956978
57000PE_return_5m,56500PE_forward_return_5m,57000PE,56500PE,3,4764,0.08029032222120351,0.03220170008524548,0.5039882451721243
57000PE_return_5m,56500PE_forward_return_5m,57000PE,56500PE,5,4762,0.14566519453367296,0.05030503741724601,0.507559848803024
57000PE_return_5m,56500PE_forward_return_5m,57000PE,56500PE,10,4761,0.09256006696571499,0.07748934521502804,0.5122873345935728
57000PE_return_5m,57000CE_forward_return_5m,57000PE,57000CE,1,4730,-0.06301414860974672,-0.0835363197251695,0.47716701902748415
57000PE_return_5m,57000CE_forward_return_5m,57000PE,57000CE,2,4729,-0.053726076157999736,-0.09575486753909956,0.4747303869739903
57000PE_return_5m,57000CE_forward_return_5m,57000PE,57000CE,3,4728,-0.05829756795976977,-0.0572050152838699,0.4856175972927242
57000PE_return_5m,57000CE_forward_return_5m,57000PE,57000CE,5,4726,-0.08419781356887082,-0.05781726550909383,0.48434193821413457
57000PE_return_5m,57000CE_forward_return_5m,57000PE,57000CE,10,4725,-0.08727980440771159,-0.07586206896552028,0.47894179894179895
57000PE_return_5m,57500CE_forward_return_5m,57000PE,57500CE,1,4797,-0.08372871224716949,-0.11824990145841241,0.4698770064623723
57000PE_return_5m,57500CE_forward_return_5m,57000PE,57500CE,2,4796,-0.07399410457500287,-0.11732340247500872,0.46934945788156796
57000PE_return_5m,57500CE_forward_return_5m,57000PE,57500CE,3,4795,-0.07461309748473129,-0.08183306055646256,0.47507820646506776
57000PE_return_5m,57500CE_forward_return_5m,57000PE,57500CE,5,4793,-0.10394074315001385,-0.07884658706915104,0.47694554558731483
57000PE_return_5m,57500CE_forward_return_5m,57000PE,57500CE,10,4792,-0.11526393399342644,-0.1353318448371965,0.4628547579298831
57000PE_return_5m,57500PE_forward_return_5m,57000PE,57500PE,1,4707,0.11248046473963741,0.055590299492763506,0.5130656469088591
57000PE_return_5m,57500PE_forward_return_5m,57000PE,57500PE,2,4706,0.09193539243119514,0.058856535232280294,0.5118997025074373
57000PE_return_5m,57500PE_forward_return_5m,57000PE,57500PE,3,4705,0.07936819601350024,0.025387154100030784,0.5058448459086079
57000PE_return_5m,57500PE_forward_return_5m,57000PE,57500PE,5,4703,0.12458972762371691,0.02263296869105602,0.5039336593663619
57000PE_return_5m,57500PE_forward_return_5m,57000PE,57500PE,10,4702,0.07887430505321649,0.05718239303729433,0.5121225010633773
57500CE_return_5m,56500CE_forward_return_5m,57500CE,56500CE,1,3540,0.005558063120578759,-0.037075437413470524,0.4909604519774011
57500CE_return_5m,56500CE_forward_return_5m,57500CE,56500CE,2,3539,-0.02383342525197952,-0.07303370786516439,0.4860129980220401
57500CE_return_5m,56500CE_forward_return_5m,57500CE,56500CE,3,3538,-0.033901737196500574,-0.08662452881490879,0.4833239118145845
57500CE_return_5m,56500CE_forward_return_5m,57500CE,56500CE,5,3536,-0.07770552638025309,-0.11868458341423604,0.47680995475113125
57500CE_return_5m,56500CE_forward_return_5m,57500CE,56500CE,10,3535,-0.0792532291899844,-0.0975020893305043,0.4826025459688826
57500CE_return_5m,56500PE_forward_return_5m,57500CE,56500PE,1,4255,0.02914178186338026,0.05599104143338707,0.5074030552291422
57500CE_return_5m,56500PE_forward_return_5m,57500CE,56500PE,2,4254,0.04881006690324759,0.05707437812654348,0.5075223319228961
57500CE_return_5m,56500PE_forward_return_5m,57500CE,56500PE,3,4253,0.06272732293874386,0.016592002654718385,0.501528332941453
57500CE_return_5m,56500PE_forward_return_5m,57500CE,56500PE,5,4251,0.08981455759842193,0.059517904969737856,0.5097624088449777
57500CE_return_5m,56500PE_forward_return_5m,57500CE,56500PE,10,4250,0.1176476878100664,0.09864867758027174,0.5174117647058823
57500CE_return_5m,57000CE_forward_return_5m,57500CE,57000CE,1,4241,-0.020520179176494124,-0.0690369347601063,0.4817260080169771
57500CE_return_5m,57000CE_forward_return_5m,57500CE,57000CE,2,4240,-0.04075129081661397,-0.09438746991826008,0.47877358490566035
57500CE_return_5m,57000CE_forward_return_5m,57500CE,57000CE,3,4239,-0.0524718721588927,-0.07614213197970798,0.48148148148148145
57500CE_return_5m,57000CE_forward_return_5m,57500CE,57000CE,5,4237,-0.06845525384453648,-0.07716989561757259,0.4805286759499646
57500CE_return_5m,57000CE_forward_return_5m,57500CE,57000CE,10,4236,-0.0983130005431366,-0.07782674707268455,0.48135033050047216
57500CE_return_5m,57000PE_forward_return_5m,57500CE,57000PE,1,4269,0.03376133554294821,0.036890159549955115,0.5052705551651441
57500CE_return_5m,57000PE_forward_return_5m,57500CE,57000PE,2,4268,0.04864773811308725,0.042934111331170755,0.5074976569821931
57500CE_return_5m,57000PE_forward_return_5m,57500CE,57000PE,3,4267,0.05618963323853039,0.0112271247333382,0.5012889617998594
57500CE_return_5m,57000PE_forward_return_5m,57500CE,57000PE,5,4265,0.07952687042817329,0.01564700359881499,0.5026963657678781
57500CE_return_5m,57000PE_forward_return_5m,57500CE,57000PE,10,4264,0.11801928782226193,0.0611588373736609,0.5110225140712945
57500CE_return_5m,57500PE_forward_return_5m,57500CE,57500PE,1,4144,0.04493428722132034,0.031219034529144096,0.5069980694980695
57500CE_return_5m,57500PE_forward_return_5m,57500CE,57500PE,2,4143,0.06408682092117778,0.0528017952610611,0.5107410089307265
57500CE_return_5m,57500PE_forward_return_5m,57500CE,57500PE,3,4142,0.06505279275387997,0.03470566561186672,0.5077257363592468
57500CE_return_5m,57500PE_forward_return_5m,57500CE,57500PE,5,4140,0.07856267372633483,0.015300803145400721,0.5021739130434782
57500CE_return_5m,57500PE_forward_return_5m,57500CE,57500PE,10,4139,0.10844737142506351,0.06568144499179596,0.5124426189900942
57500PE_return_5m,56500CE_forward_return_5m,57500PE,56500CE,1,3463,-0.09949319705841969,-0.14019195513857596,0.47473289055732026
57500PE_return_5m,56500CE_forward_return_5m,57500PE,56500CE,2,3463,-0.11148338072988334,-0.11897208121827418,0.4770430262777938
57500PE_return_5m,56500CE_forward_return_5m,57500PE,56500CE,3,3462,-0.10874777668111692,-0.14783792723103772,0.4737146158290006
57500PE_return_5m,56500CE_forward_return_5m,57500PE,56500CE,5,3460,-0.12291365440866998,-0.11383355117862237,0.47369942196531795
57500PE_return_5m,56500CE_forward_return_5m,57500PE,56500CE,10,3459,-0.041491170117364855,-0.1237930180737834,0.473258167100318
57500PE_return_5m,56500PE_forward_return_5m,57500PE,56500PE,1,4437,0.15877305582771992,0.10574550581598885,0.5149876042370971
57500PE_return_5m,56500PE_forward_return_5m,57500PE,56500PE,2,4437,0.14190938680582915,0.09474182851730006,0.5136353391931485
57500PE_return_5m,56500PE_forward_return_5m,57500PE,56500PE,3,4436,0.1282261673499463,0.07874534822782664,0.5112714156898106
57500PE_return_5m,56500PE_forward_return_5m,57500PE,56500PE,5,4434,0.15112491931365366,0.08397372127149083,0.5137573297248534
57500PE_return_5m,56500PE_forward_return_5m,57500PE,56500PE,10,4433,0.020184594623808276,0.08578781812983038,0.5134220618091586
57500PE_return_5m,57000CE_forward_return_5m,57500PE,57000CE,1,4410,-0.10510870673863479,-0.09607157109449105,0.4748299319727891
57500PE_return_5m,57000CE_forward_return_5m,57500PE,57000CE,2,4410,-0.10755301070676697,-0.1034897575642475,0.47528344671201816
57500PE_return_5m,57000CE_forward_return_5m,57500PE,57000CE,3,4409,-0.10674734364656915,-0.09205560158335402,0.47675209798140167
57500PE_return_5m,57000CE_forward_return_5m,57500PE,57000CE,5,4407,-0.10752656195628439,-0.08472781190425849,0.48127978216473793
57500PE_return_5m,57000CE_forward_return_5m,57500PE,57000CE,10,4406,-0.0464355398517156,-0.08709215995298081,0.476395823876532
57500PE_return_5m,57000PE_forward_return_5m,57500PE,57000PE,1,4465,0.13863388553183162,0.08440853732064113,0.5164613661814109
57500PE_return_5m,57000PE_forward_return_5m,57500PE,57000PE,2,4465,0.12614059507073672,0.06373486297005115,0.5119820828667413
57500PE_return_5m,57000PE_forward_return_5m,57500PE,57000PE,3,4464,0.11463258131442795,0.05027663524187176,0.5089605734767025
57500PE_return_5m,57000PE_forward_return_5m,57500PE,57000PE,5,4462,0.1338054062325843,0.046933008202515225,0.5085163603765128
57500PE_return_5m,57000PE_forward_return_5m,57500PE,57000PE,10,4461,0.03172971676486783,0.05969436485196411,0.511768661735037
57500PE_return_5m,57500CE_forward_return_5m,57500PE,57500CE,1,4469,-0.12575613422271847,-0.1216311375712138,0.46945625419556947
57500PE_return_5m,57500CE_forward_return_5m,57500PE,57500CE,2,4469,-0.13400631024628543,-0.11953923060204374,0.46788990825688076
57500PE_return_5m,57500CE_forward_return_5m,57500PE,57500CE,3,4468,-0.12627680815787046,-0.1151671255588056,0.4679946284691137
57500PE_return_5m,57500CE_forward_return_5m,57500PE,57500CE,5,4466,-0.13058147338348564,-0.10650061820426515,0.47245857590685175
57500PE_return_5m,57500CE_forward_return_5m,57500PE,57500CE,10,4465,-0.06012096712671551,-0.11261261261262234,0.4667413213885778
