candidate,type,contract,direction,timeframe,events,clusters,IS_WR,IS_expectancy,IS_PF,IS_raw_trade_sharpe,IS_daily_sharpe,IS_bootstrap_sharpe,IS_surrogate_sharpe,OOS_events,OOS_WR,OOS_expectancy,OOS_PF,OOS_sharpe_oos,param_stability,time_stability,top1,top5,top10,rm_best3,rm_bestday1,perm_p,final_status,failure_reason,perm_p_adj
EV:e_large_ret,OPTION_CHAIN_DISCOVERY,chain,long,5m,1409,545,0.5188076650106459,0.24840255205939918,1.1919100439479982,2.3358931919618464,5.420179224629619,2.3371211846806097,2.3367225516693613,556,0.5665467625899281,0.5302250513221423,1.3903472042245824,2.7737455192963516,"{'base': 0.24840255205939918, 'shifted': 0.4424215262446851}","{'09:15-10:00': 0.5233541373555467, '10:00-12:00': 0.012312172652570846, '12:00-14:00': 0.07507072649775585, '14:00-15:15': -0.02186316974228453}",0.08841564921274574,0.308881381649867,0.48293377171027585,0.19444837592206385,0.13288876393704058,0.30845771144278605,ROBUST,perm-fail,1.0
EV:e_vol_shock,OPTION_CHAIN_DISCOVERY,chain,long,5m,2991,1498,0.4861250417920428,0.0016219035064344225,1.0013434553319915,0.023113478917402817,0.07890773575294988,0.034092750367090204,0.023117343718514368,1057,0.49290444654683063,0.04635034521250658,1.033071377233486,0.34416099298674196,"{'base': 0.0016219035064344225, 'shifted': 0.09956791378181995}","{'09:15-10:00': 0.05219882746186701, '10:00-12:00': 0.02459099983299707, '12:00-14:00': 0.04778501508288722, '14:00-15:15': -0.1828660703535526}",10.827825821802334,27.785770311868898,44.52363179697596,-0.030582639311187834,-0.02890373207953786,0.42786069651741293,RANKABLE,concentration;perm-fail,1.0
EV:e_compression,OPTION_CHAIN_DISCOVERY,chain,long,5m,6354,3066,0.48095687755744415,-0.009164798621316696,0.988880943769399,-0.25009842846877856,-0.9109159025824692,-0.2919957239399178,-0.25011811109898785,1865,0.49436997319034853,0.07664508199193425,1.0732347425019058,0.9327936687337324,"{'base': -0.009164798621316696, 'shifted': -0.026579701733278047}","{'09:15-10:00': -0.16581575326705633, '10:00-12:00': -0.0054988320725615865, '12:00-14:00': 0.017767357617533012, '14:00-15:15': 0.04338836121789717}",-0.6138421661059043,-2.8666668896782617,-5.06818187852172,-0.02579071476492226,-0.03133444478332695,0.9701492537313433,RANKABLE,perm-fail,1.0
EV:e_expansion,OPTION_CHAIN_DISCOVERY,chain,long,5m,2749,2023,0.5176427791924336,0.1211473743339187,1.1275554783157697,2.0488455225214683,6.400279638360444,2.0492328460126386,2.049218276438628,942,0.5191082802547771,0.10352026510416139,1.0794594497687466,0.8260289745468282,"{'base': 0.1211473743339187, 'shifted': 0.14219186223155703}","{'09:15-10:00': 0.14372524820599886, '10:00-12:00': 0.05337014277299576, '12:00-14:00': 0.18467353907184128, '14:00-15:15': 0.018675197198441986}",0.12748471902526703,0.41037008970837763,0.6335632020479881,0.08626905327991401,0.08572673496641257,0.9950248756218906,ROBUST,perm-fail,1.0
EV:ev_largeRet_volShock,OPTION_CHAIN_DISCOVERY,chain,long,5m,684,303,0.4926900584795322,-0.04659501072631928,0.9696770254505765,-0.30045691562226107,-0.934571883690147,-0.2802591629527108,-0.30067678891494726,287,0.5400696864111498,0.24792636089880926,1.175446400677255,1.0837434418867573,"{'base': -0.04659501072631928, 'shifted': 0.29130507659891763}","{'09:15-10:00': -0.0016313053305158356, '10:00-12:00': -0.17515096103999822, '12:00-14:00': -0.030414486280884053, '14:00-15:15': -0.17637579230209777}",-0.4290989440312255,-1.873710070216507,-3.428091255479764,-0.10294983930570983,-0.13186577556305656,0.7164179104477612,RANKABLE,perm-fail,1.0
EV:ev_compress_expand,OPTION_CHAIN_DISCOVERY,chain,long,5m,538,501,0.5353159851301115,0.20590226241751874,1.2687432297357992,1.7386534558260551,6.781175107559932,1.765048650401944,1.7402715602008816,180,0.5444444444444444,0.13641518699551275,1.1174932809550626,0.5399643302005084,"{'base': 0.20590226241751874, 'shifted': 0.3076048004075609}","{'09:15-10:00': 0.48893579751959493, '10:00-12:00': 0.048657288684144415, '12:00-14:00': 0.23971872141473682, '14:00-15:15': 0.5142838230366367}",0.1972763800709803,0.6246389749676677,0.979797444756977,0.11494678278689602,0.1601783360601665,0.9900497512437811,ROBUST,concentration;perm-fail,1.0
EV:ev_ret_vol_expand,OPTION_CHAIN_DISCOVERY,chain,long,5m,175,131,0.45714285714285713,-0.31448333362272757,0.806766368936652,-0.9852039929038171,-3.840342157228208,-0.9903064056214774,-0.9880309826776942,73,0.4383561643835616,-0.18585400054756326,0.8787252033863082,-0.42466820575574277,"{'base': -0.31448333362272757, 'shifted': 0.6691059504488557}","{'09:15-10:00': -0.32977342562223905, '10:00-12:00': -1.4971043904666264, '12:00-14:00': -0.16229371598190637, '14:00-15:15': -0.1926910892107342}",-0.22339779103417043,-0.8806984062302389,-1.4771568281349514,-0.5077280206701181,-0.469571343983546,0.13930348258706468,ROBUST,perm-fail,1.0
EV:ev_ce_leads_pe,OPTION_CHAIN_DISCOVERY,chain,long,5m,554,458,0.4963898916967509,-0.020695398286880905,0.981553254510022,-0.1327940057397417,-1.1119632870846505,-0.15980917467536995,-0.13291401838566427,404,0.49257425742574257,0.025902092532430455,1.0223921102612348,0.14045387064311046,"{'base': -0.020695398286880905, 'shifted': -0.11767545221782076}","{'09:15-10:00': -0.23556924504906132, '10:00-12:00': 0.10660598290050094, '12:00-14:00': 0.07264799361880919, '14:00-15:15': -0.08632671403196282}",-2.0681483007804893,-8.006021402716211,-12.734625343781932,-0.13009035462915128,-0.0587192604957927,1.0,RANKABLE,perm-fail,1.0
EV:ev_pe_leads_ce,OPTION_CHAIN_DISCOVERY,chain,long,5m,1032,828,0.49127906976744184,0.19104313596675895,1.1630164635155797,1.1602801163079606,3.609908268472797,1.1457396204660228,1.1608426761778343,224,0.48660714285714285,0.01963645171603615,1.0134283649959825,0.05102852913575581,"{'base': 0.19104313596675895, 'shifted': 0.15992041438617569}","{'09:15-10:00': -0.12994253833677144, '10:00-12:00': -0.013691230500277587, '12:00-14:00': -0.004962027631201058, '14:00-15:15': 0.04152362588522634}",0.2641888500357644,0.9871351778810578,1.7686723690589896,0.06959088036267268,0.026806424685029383,0.7064676616915423,ROBUST,concentration;perm-fail,1.0
SEQ:seq2=weak_up|weak_down,OPTION_CHAIN_DISCOVERY,chain,long,5m,3271,2772,0.4931213696117395,0.01568896977656728,1.0184192915174026,0.2853290527433294,0.9211481171618822,0.23745248682814993,0.2853726776131102,897,0.49052396878483834,-0.026786423207504788,0.9776661944051461,-0.18956271856184517,"{'base': 0.01568896977656728, 'shifted': -0.012614267321174004}","{'09:15-10:00': 0.10142380241178012, '10:00-12:00': -0.0005563392234915468, '12:00-14:00': -0.11130422488684127, '14:00-15:15': -0.11408511619706178}",1.0149640263474602,3.658530999630185,6.1476597131144946,-0.02416482462106697,-0.016136292823996676,0.9104477611940298,RANKABLE,concentration;perm-fail,1.0
SEQ:seq2=weak_down|weak_up,OPTION_CHAIN_DISCOVERY,chain,long,5m,3216,2700,0.4723258706467662,-0.13282582432556406,0.8521376659371136,-2.510610223387222,-8.171713112565028,-2.5142968308345677,-2.5110006447939384,821,0.4762484774665043,-0.3585517596216073,0.7159809431112231,-3.0600336087776974,"{'base': -0.13282582432556406, 'shifted': -0.09750848407428649}","{'09:15-10:00': 0.08479924811896632, '10:00-12:00': -0.012881914962860366, '12:00-14:00': -0.1528757321614956, '14:00-15:15': -0.27796253239402713}",-0.07864215031282484,-0.3364508606236826,-0.5468509054842956,-0.16149423086320244,-0.15363306577329733,1.0,ROBUST,perm-fail,1.0
SEQ:seq2=weak_up|weak_up,OPTION_CHAIN_DISCOVERY,chain,long,5m,2960,2112,0.4783783783783784,-0.03178779856232945,0.9643862557088055,-0.4820306027933158,-0.9234361503580003,-0.4466227883068642,-0.48211204738414204,810,0.4802469135802469,0.16401256780517937,1.1521097665609314,0.9576413260929727,"{'base': -0.03178779856232945, 'shifted': -0.05357567565347111}","{'09:15-10:00': 0.45665935176993705, '10:00-12:00': -0.06203969658485685, '12:00-14:00': 0.025440866307714898, '14:00-15:15': -0.17105725953919523}",-0.6603640821567046,-2.558623873481685,-3.7215770842467797,-0.08799377307853916,-0.10306275110452366,0.2835820895522388,RANKABLE,perm-fail,1.0
SEQ:seq2=weak_down|weak_down,OPTION_CHAIN_DISCOVERY,chain,long,5m,2950,2097,0.5152542372881356,0.026478998896303126,1.032205302764352,0.4926454929268254,1.8495874358784663,0.4244478922523571,0.4927290132287205,834,0.4988009592326139,-0.13547191241209625,0.8762905843253311,-1.330287763365412,"{'base': 0.026478998896303126, 'shifted': 0.0681263527099307}","{'09:15-10:00': -0.2572698292873307, '10:00-12:00': 0.09515247109411397, '12:00-14:00': 0.03977723029791563, '14:00-15:15': -0.0874753034935092}",0.44634739660139605,1.8368247242020497,3.077769452342845,-0.005015794306544236,1.4615002424605228e-05,0.9203980099502488,RANKABLE,concentration;perm-fail,1.0
SEQ:seq2=weak_up|flat,OPTION_CHAIN_DISCOVERY,chain,long,5m,2445,2174,0.469120654396728,-0.04318953282417523,0.9479430306310397,-0.7535746304817168,-3.122807128633765,-0.7971404544040548,-0.7537287827447692,522,0.46360153256704983,0.04335272604578233,1.037887690884952,0.26569214135357155,"{'base': -0.04318953282417523, 'shifted': -0.09952680896115021}","{'09:15-10:00': 0.5058781917134095, '10:00-12:00': -0.020349612839571506, '12:00-14:00': -0.11723136055157843, '14:00-15:15': -0.054724938053998785}",-0.33099166731830076,-1.3798721011864197,-2.1995204968059308,-0.08189682602197178,-0.0644121222892141,0.8855721393034826,RANKABLE,perm-fail,1.0
SEQ:seq2=weak_down|flat,OPTION_CHAIN_DISCOVERY,chain,long,5m,2371,2091,0.49177562210037956,-0.04052107497070388,0.9499253129896315,-0.7356421690572219,-2.0561966007288066,-0.7147977831069899,-0.735797351184949,557,0.4919210053859964,0.018924169068301834,1.0168546980318995,0.11617557499917922,"{'base': -0.04052107497070388, 'shifted': 0.004470724059195533}","{'09:15-10:00': -0.11108337779260698, '10:00-12:00': -0.06328525600823297, '12:00-14:00': 0.01927889829133386, '14:00-15:15': 0.08171377456117858}",-0.4249277057578932,-1.20957438175488,-1.8569157654960853,-0.07600372102496969,-0.06602376411964822,0.8059701492537313,RANKABLE,perm-fail,1.0
SEQ:seq2=flat|weak_up,OPTION_CHAIN_DISCOVERY,chain,long,5m,2348,2076,0.4676320272572402,-0.03993221057098031,0.9527261881760021,-0.6443022687015164,-2.552986702861194,-0.6272548010905907,-0.6444395146847789,526,0.467680608365019,0.1268039073911294,1.102442134354582,0.6027255646390641,"{'base': -0.03993221057098031, 'shifted': -0.023921359149261953}","{'09:15-10:00': 0.010455949543025906, '10:00-12:00': -0.023400704468540073, '12:00-14:00': 0.017668924414673062, '14:00-15:15': -0.0819670800782043}",-0.5197463706081406,-1.6808668050985933,-2.4473083098567137,-0.09052982548201931,-0.0655258940578306,0.9253731343283582,RANKABLE,perm-fail,1.0
SEQ:seq2=flat|weak_down,OPTION_CHAIN_DISCOVERY,chain,long,5m,2329,2052,0.48647488192357236,-0.09290652945100597,0.8875491611034915,-1.7536746783151276,-5.922149931189357,-1.7292785346644084,-1.7540512855315393,507,0.47534516765285995,-0.2114141142361111,0.8245770463613625,-1.3886836545636823,"{'base': -0.09290652945100597, 'shifted': -0.04689448043986249}","{'09:15-10:00': -0.5386863846003221, '10:00-12:00': -0.0269374088905724, '12:00-14:00': -0.05640157934629002, '14:00-15:15': -0.06223985946492088}",-0.15164470281447023,-0.48619434268734557,-0.7655341784909813,-0.12480209200994608,-0.10804213008106116,1.0,ROBUST,perm-fail,1.0
SEQ:seq3=weak_up|weak_down|weak_up,OPTION_CHAIN_DISCOVERY,chain,long,5m,957,850,0.46917450365726227,-0.1071465591234571,0.867877719664011,-1.4519507044678002,-3.8575833194837865,-1.4678159124840509,-1.4527098937938265,223,0.48878923766816146,-0.4497404969513923,0.6532705213268998,-2.2061156479900035,"{'base': -0.1071465591234571, 'shifted': -0.11419643912356504}","{'09:15-10:00': 0.12388554739071145, '10:00-12:00': -0.07729926203432683, '12:00-14:00': 0.0008547296328713404, '14:00-15:15': -0.48509586383928455}",-0.21312201711147472,-0.5226399057428572,-0.8267868019239025,-0.1488920184356573,-0.15840947045484619,0.8407960199004975,ROBUST,perm-fail,1.0
SEQ:seq3=weak_up|weak_down|weak_down,OPTION_CHAIN_DISCOVERY,chain,long,5m,916,893,0.5152838427947598,0.0749913343566951,1.0976162505891247,0.8369707140046129,2.507672106008737,0.8381793150436582,0.8374279498477372,211,0.4881516587677725,-0.16619276402048577,0.8579823671223668,-0.7584917461742464,"{'base': 0.0749913343566951, 'shifted': 0.09558452583236329}","{'09:15-10:00': 0.04309341264058959, '10:00-12:00': 0.10715346067785511, '12:00-14:00': 0.008881382562258315, '14:00-15:15': 0.05580000670035717}",0.38926215627198985,1.3897734961195571,1.9573021147225171,0.0018583719981063833,0.005284353044327402,0.9950248756218906,RANKABLE,concentration;perm-fail,1.0
SEQ:seq3=weak_down|weak_up|weak_down,OPTION_CHAIN_DISCOVERY,chain,long,5m,900,805,0.48777777777777775,-0.09121652815059468,0.8873607248905536,-1.1619041105933399,-3.669291442090741,-1.1783879174555938,-1.1625501508002418,243,0.4403292181069959,-0.40298478210739935,0.6576081403511382,-2.295139413888009,"{'base': -0.09121652815059468, 'shifted': -0.13082698175345614}","{'09:15-10:00': -0.05438674529357665, '10:00-12:00': -0.0732748379567207, '12:00-14:00': -0.11279152491690668, '14:00-15:15': -0.27524092461983074}",-0.26031308632878886,-0.8320660272461421,-1.1319606990820485,-0.1545494851676483,-0.13683280070492618,0.9850746268656716,RANKABLE,perm-fail,1.0
SEQ:seq3=weak_down|weak_down|weak_up,OPTION_CHAIN_DISCOVERY,chain,long,5m,896,878,0.47098214285714285,-0.046347246641306,0.9494516109804242,-0.3601543447456625,-1.0128637187824785,-0.4270987868619771,-0.36035549202587974,194,0.4587628865979381,-0.22809134491548327,0.7891684402405925,-1.2889848235920833,"{'base': -0.046347246641306, 'shifted': 0.014404147287490001}","{'09:15-10:00': 0.13162745364778503, '10:00-12:00': -0.14814928356813117, '12:00-14:00': 0.08753934359399278, '14:00-15:15': -0.3964004982486043}",-0.8089505807488152,-3.4608936557852656,-5.328397405798512,-0.14920520237745288,-0.12478527497531507,0.8308457711442786,RANKABLE,perm-fail,1.0
SEQ:seq3=weak_up|weak_up|weak_down,OPTION_CHAIN_DISCOVERY,chain,long,5m,889,878,0.5016872890888638,0.1831861752762517,1.2372598030803637,1.4420199311451567,3.4877115034475867,1.3867168047291643,1.4428316504630532,196,0.5663265306122449,0.7747520492835573,1.8710959533562563,1.8120539543768484,"{'base': 0.1831861752762517, 'shifted': 0.05489365109553168}","{'09:15-10:00': 0.1675171625493524, '10:00-12:00': 0.14157626892863173, '12:00-14:00': -0.01155035051963571, '14:00-15:15': 0.00980407553697189}",0.3198388123119033,1.1318491421010488,1.4265943210679437,0.03675309573339619,0.021833315546002627,0.3880597014925373,ROBUST,concentration;perm-fail,1.0
SEQ:seq3=weak_down|weak_up|weak_up,OPTION_CHAIN_DISCOVERY,chain,long,5m,855,841,0.4502923976608187,-0.3296308979946479,0.6646489208791692,-2.9208417623286356,-7.531229157625726,-2.939796064207161,-2.922551355830776,162,0.4567901234567901,-0.4309123467945168,0.658505225712821,-1.9437128369324672,"{'base': -0.3296308979946479, 'shifted': -0.31716923847027095}","{'09:15-10:00': -0.2688043397578553, '10:00-12:00': -0.04457636394075855, '12:00-14:00': -0.19441545900370777, '14:00-15:15': -0.19769154661656332}",-0.10673455316794876,-0.2540909367693571,-0.35281948840681004,-0.3991264405944386,-0.3796362752327408,0.845771144278607,ROBUST,perm-fail,1.0
SEQ:seq3=weak_down|weak_up|flat,OPTION_CHAIN_DISCOVERY,chain,long,5m,754,740,0.4946949602122016,0.028950465033008493,1.0392305392251637,0.3075420471642634,1.140726399723958,0.339022617909553,0.30774619047760643,126,0.4603174603174603,-0.2479908014876366,0.7777575142086316,-1.0650096157018065,"{'base': 0.028950465033008493, 'shifted': -0.024372035054727733}","{'09:15-10:00': 0.5345305699718321, '10:00-12:00': 0.012663189029862668, '12:00-14:00': -0.25317932296324247, '14:00-15:15': 0.01683649412103705}",1.6012072222713374,4.110523711799033,5.474189553408784,-0.07031745358082242,-0.03316266714312027,0.9303482587064676,RANKABLE,concentration;perm-fail,1.0
SEQ:seq3=weak_up|weak_down|flat,OPTION_CHAIN_DISCOVERY,chain,long,5m,747,731,0.45515394912985274,-0.0943036643256396,0.8880490226347943,-0.8531987591658277,-3.6491531372596806,-0.9441987706579207,-0.8537704164072322,174,0.4425287356321839,-0.007694531696436641,0.9938047583352336,-0.020259780850619635,"{'base': -0.0943036643256396, 'shifted': -0.007484297530066885}","{'09:15-10:00': 0.3716491819004792, '10:00-12:00': -0.11877776397289731, '12:00-14:00': -0.1997904337720632, '14:00-15:15': -0.0656390051131992}",-0.5795332931538484,-1.3523227159981999,-1.8650853948093487,-0.19746155579052543,-0.13061754769704864,1.0,ROBUST,perm-fail,1.0
STATE:mid/pe_dom/midlow,OPTION_CHAIN_DISCOVERY,chain,long,5m,927,806,0.49083063646170444,0.15272184198506336,1.200783635050299,1.294144185609222,3.3734490319807167,1.3614742557408253,1.2948427786520829,324,0.5246913580246914,0.4232092362642913,1.4312699095845247,1.3755410291505554,"{'base': 0.15272184198506336, 'shifted': 0.10176781363295564}","{'09:15-10:00': -0.2101125056277371, '10:00-12:00': -0.02074818946948271, '12:00-14:00': 0.035225497512018165, '14:00-15:15': 0.09996747372545235}",0.44823146271977293,1.1803987842976413,1.423899857734308,0.0012623798360100044,0.01001768925752472,0.9900497512437811,ROBUST,concentration;perm-fail,1.0
STATE:mid/pe_dom/midhigh,OPTION_CHAIN_DISCOVERY,chain,long,5m,905,807,0.47955801104972373,0.0093763704505069,1.010015058271245,0.08726385505626302,0.2990011052520737,0.1812079597560703,0.08731210709543756,303,0.5082508250825083,0.24240202511209413,1.2009894469207205,1.0679555736612312,"{'base': 0.0093763704505069, 'shifted': 0.02684462891348275}","{'09:15-10:00': -0.15542144541262612, '10:00-12:00': -0.015651814422581952, '12:00-14:00': 0.02999347513044767, '14:00-15:15': 0.13034355423645627}",4.669863700297711,12.121213371353385,17.99586761636875,-0.0734727078229525,-0.060672235241063924,0.9950248756218906,RANKABLE,concentration;perm-fail,1.0
STATE:low/pe_dom/midhigh,OPTION_CHAIN_DISCOVERY,chain,long,5m,887,777,0.5197294250281849,-0.025121323989889737,0.9731292405573984,-0.22585613876681496,-0.9340795749488332,-0.3042786063526323,-0.22598356107189124,431,0.5266821345707656,-0.05677876456949235,0.9492715708386712,-0.31184185228433187,"{'base': -0.025121323989889737, 'shifted': -0.07716394876864556}","{'09:15-10:00': 0.1734099389102063, '10:00-12:00': 0.043452395203882416, '12:00-14:00': -0.05898145785766434, '14:00-15:15': 0.11492402629220655}",-1.8321516417894623,-4.569004402245004,-6.092022693042548,-0.12007186500364996,-0.08073809269892875,0.9900497512437811,RANKABLE,perm-fail,1.0
STATE:vhigh/ce_dom/high_vol,OPTION_CHAIN_DISCOVERY,chain,long,5m,871,697,0.5063145809414467,0.08651665267113083,1.078664095461886,0.6505867501330023,2.649128344273134,0.6735275907804985,0.650960543017206,355,0.49859154929577465,0.08106433511778813,1.0563769541271746,0.3168269273145231,"{'base': 0.08651665267113083, 'shifted': 0.018277083912647447}","{'09:15-10:00': 0.4014141710085697, '10:00-12:00': 0.03066700620309262, '12:00-14:00': 0.050547468794804304, '14:00-15:15': -0.35673136526554927}",0.5634157894166888,1.9837682192053165,2.9296235735697223,-0.029646205366391225,0.021463559215008737,0.9502487562189055,ROBUST,concentration;perm-fail,1.0
STATE:low/pe_dom/high_vol,OPTION_CHAIN_DISCOVERY,chain,long,5m,856,696,0.47079439252336447,-0.01939571364228771,0.9814795716258178,-0.16720924822247787,-0.40768172880105574,-0.11468996490628924,-0.16730700278437893,364,0.43956043956043955,-0.14127588319787807,0.9006276989203643,-0.6559985980837912,"{'base': -0.01939571364228771, 'shifted': 0.04473760386889859}","{'09:15-10:00': -0.03950709447688118, '10:00-12:00': -0.052027497523485546, '12:00-14:00': 0.01057716400997844, '14:00-15:15': -0.06027633221897013}",-2.6226241749949857,-6.574920010403845,-9.181331031822147,-0.12331493173670506,-0.12928271800991958,0.9900497512437811,RANKABLE,perm-fail,1.0
STATE:mid/ce_dom/midlow,OPTION_CHAIN_DISCOVERY,chain,long,5m,841,732,0.4589774078478002,-0.18835165509985813,0.7953702900383238,-2.1643232343584002,-7.449611632466351,-2.2077967048065092,-2.165611137948409,260,0.4115384615384615,-0.6520608406763587,0.5476563425006148,-3.4298365828195347,"{'base': -0.18835165509985813, 'shifted': -0.040158248859088884}","{'09:15-10:00': 0.07228464316930922, '10:00-12:00': -0.2419541956770067, '12:00-14:00': -0.18683466065783685, '14:00-15:15': -0.20938485288769348}",-0.19753205858248768,-0.3793849368378572,-0.5528669868808973,-0.24495059257474613,-0.208233423893602,0.9502487562189055,RANKABLE,perm-fail,1.0
STATE:low/ce_dom/midhigh,OPTION_CHAIN_DISCOVERY,chain,long,5m,832,731,0.5132211538461539,0.15952307278002092,1.1610152173894057,1.3040948112736186,4.149696562135272,1.2926554489513893,1.3048792289060966,382,0.4869109947643979,-0.11301988871639605,0.9066770976483662,-0.7262074220249458,"{'base': 0.15952307278002092, 'shifted': 0.11532080854072632}","{'09:15-10:00': -0.5266998729955361, '10:00-12:00': 0.07133282461680525, '12:00-14:00': 0.07527255800650351, '14:00-15:15': 0.03406630683757759}",0.28533473724682906,0.9773838674439168,1.4994426772453096,0.048179897040019036,0.07992419642557365,0.9651741293532339,RANKABLE,concentration;perm-fail,1.0
STATE:high/pe_dom/midhigh,OPTION_CHAIN_DISCOVERY,chain,long,5m,830,718,0.491566265060241,0.08857016940874643,1.0985030964275706,0.9625542708327309,2.8059082762790406,1.0210653331379322,0.9631346469288219,368,0.4673913043478261,-0.012533323416528382,0.9900050563887611,-0.07169140615141492,"{'base': 0.08857016940874643, 'shifted': 0.06437616784598321}","{'09:15-10:00': -0.09457301347508804, '10:00-12:00': -0.02744280454050302, '12:00-14:00': 0.015665813384371525, '14:00-15:15': 0.4753221176408301}",0.28567336662477777,0.8031093114596959,1.289952889466204,0.039362728814205376,0.03125499581003607,0.4228855721393035,RANKABLE,concentration;perm-fail,1.0
STATE:mid/pe_dom/high_vol,OPTION_CHAIN_DISCOVERY,chain,long,5m,816,708,0.48284313725490197,0.12561849738027578,1.1420184167557548,1.1951655791456575,3.0665208028288258,1.2221968898560216,1.1958985843843293,264,0.48863636363636365,0.3708465772199834,1.3476275537176425,1.7486848937617172,"{'base': 0.12561849738027578, 'shifted': 0.13528511287525535}","{'09:15-10:00': 0.3260800140940003, '10:00-12:00': 0.06313655296318217, '12:00-14:00': -0.04287336583895935, '14:00-15:15': 0.0500049261554583}",0.3743671560778286,0.8856468842646882,1.322932061037075,0.04318709162333964,0.022145984901446168,0.7412935323383084,ROBUST,concentration;perm-fail,1.0
STATE:vhigh/pe_dom/high_vol,OPTION_CHAIN_DISCOVERY,chain,long,5m,814,630,0.5061425061425061,0.006115428193214086,1.006127441096707,0.055557365201521956,0.25017776553539284,0.05719796432416024,0.0555915228047441,292,0.5308219178082192,-0.0012133769047901967,0.9991336582691659,-0.0048278940785231325,"{'base': 0.006115428193214086, 'shifted': 0.19116275721025394}","{'09:15-10:00': 0.3910648677649926, '10:00-12:00': 0.09665513293036511, '12:00-14:00': 0.2960320689473557, '14:00-15:15': -0.12944923369561365}",3.243188063520238,11.13247375438823,19.09573209685069,-0.040940240253051,-0.035691813093640945,0.5522388059701493,RANKABLE,concentration;perm-fail,1.0
CEPE:ce_dom,OPTION_CHAIN_DISCOVERY,cepe,long,5m,11678,2712,0.49177941428326766,0.026406058115520378,1.0255098772514581,0.8813300817103629,3.7168580178550803,0.829716384567345,0.8813678184944711,5174,0.48144568998840354,0.017080810570362166,1.0134854758764273,0.3287920425658986,"{'base': 0.026406058115520378, 'shifted': -0.015481790231422137}","{'09:15-10:00': 0.0741682912918627, '10:00-12:00': -0.023060727388942083, '12:00-14:00': 0.06818223612221452, '14:00-15:15': -0.0618309851515991}",0.16890930483006864,0.6335417917216664,1.1130938659097638,0.01565931017118112,0.009838625179472921,0.6467661691542289,ROBUST,concentration;perm-fail,1.0
CEPE:pe_dom,OPTION_CHAIN_DISCOVERY,cepe,long,5m,12862,2856,0.49362463069507073,-0.0022571975134808237,0.9976649629927047,-0.08541126550594424,-0.3211652858023961,-0.06811301870535462,-0.08541458596594832,5514,0.49093217265143274,-0.018686524670984302,0.9845836265748963,-0.40196917791776055,"{'base': -0.0022571975134808237, 'shifted': 0.04531899331865501}","{'09:15-10:00': -0.0038201651434940673, '10:00-12:00': -0.0023113730751205415, '12:00-14:00': 0.03417182651355547, '14:00-15:15': -0.002227382544361025}",-1.8092751502127964,-7.080454227235202,-12.22871806212616,-0.012599026394531788,-0.012839517044401616,0.11940298507462686,RANKABLE,perm-fail,1.0
