source,target,lag,events,mean_fwd5,hit_rate,median,MFE,MAE
56500CE,56500PE,1,3350,-0.02709670408724327,0.5002985074626866,0.008389305590206675,2.670775231963596,2.7273181061087204
56500CE,56500PE,2,3350,0.03973553607849613,0.5044776119402985,0.04071842003254034,2.670775231963596,2.7273181061087204
56500CE,56500PE,3,3350,0.04541767920459806,0.4982089552238806,0.0,2.670775231963596,2.7273181061087204
56500CE,56500PE,5,3348,0.15264362900857872,0.5092592592592593,0.057100510183751396,2.6710482104403397,2.7287588634587108
56500CE,56500PE,10,3348,-0.0007027552328355137,0.4994026284348865,0.0,2.6710482104403397,2.7287588634587108
56500CE,57000CE,1,3344,0.029003488882754645,0.4895334928229665,-0.043103456284086406,2.4637429738472187,2.20158144893048
56500CE,57000CE,2,3344,-0.008822294046631712,0.48654306220095694,-0.05774098094108382,2.4637429738472187,2.20158144893048
56500CE,57000CE,3,3344,-0.018201963565769808,0.4901315789473684,-0.04104752009772028,2.4637429738472187,2.20158144893048
56500CE,57000CE,5,3342,-0.09461104547099095,0.48114901256732495,-0.07319056001475133,2.4649279981242995,2.2009191605543235
56500CE,57000CE,10,3342,-0.04443886743982616,0.4814482345900658,-0.07325654790459879,2.4649279981242995,2.2009191605543235
56500CE,57000PE,1,3355,-0.018733093594107558,0.4992548435171386,0.0,2.4079916553312484,2.4755223970268587
56500CE,57000PE,2,3355,0.036037455428038545,0.5096870342771982,0.05859791178350804,2.4079916553312484,2.4755223970268587
56500CE,57000PE,3,3355,0.036798161660269786,0.5025335320417288,0.013067909570068537,2.4079916553312484,2.4755223970268587
56500CE,57000PE,5,3353,0.12625581476788894,0.5052192066805845,0.03700375323782623,2.4083448215486087,2.47692105594288
56500CE,57000PE,10,3353,0.0020992053381045602,0.5010438413361169,0.009124920156949656,2.4083448215486087,2.47692105594288
56500CE,57500CE,1,3356,0.012604103219698327,0.483611442193087,-0.0803974488157877,2.7165011066929075,2.479368791025541
56500CE,57500CE,2,3356,-0.03640497772902001,0.4764600715137068,-0.13043597728282208,2.7165011066929075,2.479368791025541
56500CE,57500CE,3,3356,-0.03415048963806655,0.483611442193087,-0.07174959943203874,2.7165011066929075,2.479368791025541
56500CE,57500CE,5,3354,-0.11521337911832756,0.47227191413237923,-0.10714143800083775,2.717751736424722,2.4783088046491266
56500CE,57500CE,10,3354,-0.07410289448552215,0.4740608228980322,-0.11637685912615581,2.717751736424722,2.4783088046491266
56500CE,57500PE,1,3249,-0.0066982838939602975,0.49799938442597724,0.0,2.079926457547308,2.1450596691179658
56500CE,57500PE,2,3249,0.05020971543322357,0.5060018467220684,0.029749509133097263,2.079926457547308,2.1450596691179658
56500CE,57500PE,3,3249,0.04885559732502773,0.502616189596799,0.018009905447996744,2.079926457547308,2.1450596691179658
56500CE,57500PE,5,3247,0.12431182899210479,0.5023098244533415,0.018009905447996744,2.0804018399975472,2.1462949812422973
56500CE,57500PE,10,3247,0.0053942332303386275,0.4970742223591007,0.0,2.0804018399975472,2.1462949812422973
56500PE,56500CE,1,3908,-0.03866127827471699,0.48183213920163764,-0.10254464599252344,1.9602629555061795,1.8338866708151986
56500PE,56500CE,2,3907,-0.02937493215888349,0.4832352188379831,-0.08064516129032029,1.9601012395202804,1.8341707202926079
56500PE,56500CE,3,3906,-0.047537293023349206,0.4851510496671787,-0.06578474991345473,1.9599532152508075,1.8344952919162199
56500PE,56500CE,5,3905,-0.07234767995378323,0.4798975672215109,-0.09244707405009933,1.960320828982285,1.8343199308627656
56500PE,56500CE,10,3903,-0.05830306598617259,0.47809377401998465,-0.11000203707475009,1.9610454340304604,1.8342857582492536
56500PE,57000CE,1,4928,-0.05683471342565086,0.48336038961038963,-0.061260246412707886,1.9913703710447548,1.8625293649806598
56500PE,57000CE,2,4927,-0.05347131571442753,0.4814288613760909,-0.0690369347601063,1.9912440515808312,1.862785572765141
56500PE,57000CE,3,4926,-0.06526167129377065,0.4835566382460414,-0.06719890684509977,1.9911136469321689,1.8629514445811768
56500PE,57000CE,5,4925,-0.08440854179802403,0.48446700507614215,-0.06533338172842207,1.9914410227226549,1.8626375076340684
56500PE,57000CE,10,4923,-0.06676759691000196,0.48039813122080033,-0.07017543859649322,1.9919799567419774,1.8625263243286685
56500PE,57000PE,1,4996,0.06802425702733458,0.5060048038430744,0.03693620403533515,2.2386696338262024,2.204199506733938
56500PE,57000PE,2,4995,0.07021048788483823,0.5049049049049049,0.03339641545142058,2.2390683077984144,2.2040466902765203
56500PE,57000PE,3,4994,0.07444685126439347,0.5060072086503804,0.037949562344316234,2.239362918958884,2.204042990864937
56500PE,57000PE,5,4993,0.11864253180498971,0.5045063088323654,0.02766864036300376,2.239501259843081,2.204469254102108
56500PE,57000PE,10,4991,0.0651457594577727,0.5073131636946504,0.03914277326548188,2.2397269557754256,2.20522588172817
56500PE,57500CE,1,4996,-0.0711124995638214,0.4747798238590873,-0.08845401985131218,2.210399478605831,2.110705405118937
56500PE,57500CE,2,4995,-0.07585104687893954,0.4698698698698699,-0.11038136762515194,2.2103367639256737,2.1108911388737788
56500PE,57500CE,3,4994,-0.08262138590478854,0.47336804164998,-0.09101996242059585,2.2102415922699445,2.110902588344868
56500PE,57500CE,5,4993,-0.1025385835508979,0.47766873623072303,-0.08007778985299296,2.210560247696708,2.1104727739335067
56500PE,57500CE,10,4991,-0.0944446846079547,0.4680424764576237,-0.11013215859030367,2.2110984307274095,2.110472974345511
56500PE,57500PE,1,4888,0.08028708512563215,0.5061374795417348,0.0298747545665492,1.954069474794814,1.951835419210949
56500PE,57500PE,2,4887,0.0798486835665809,0.5074687947616124,0.03531073446328037,1.9544049027334995,1.9518353926017626
56500PE,57500PE,3,4886,0.07438254855334815,0.5081866557511256,0.03188785033568564,1.9546542302254037,1.9519196550292037
56500PE,57500PE,5,4885,0.11379968532502423,0.5052200614124872,0.024558961974534554,1.954838043862878,1.9522630420773208
56500PE,57500PE,10,4883,0.05885624602867544,0.5076797050993241,0.03226847370119401,1.9550289522474809,1.952857869978303
57000CE,56500CE,1,3331,0.017161919227095375,0.4890423296307415,-0.06012467959874357,2.186743167485797,1.972271932328621
57000CE,56500CE,2,3331,-0.008528799468399751,0.4848393875712999,-0.07388683647675975,2.186743167485797,1.972271932328621
57000CE,56500CE,3,3331,0.0008307782841950899,0.4863404383068148,-0.06358381502890609,2.186743167485797,1.972271932328621
57000CE,56500CE,5,3329,-0.061893823335120134,0.4767197356563533,-0.11933793389715674,2.187664032486249,1.9720187699440876
57000CE,56500CE,10,3328,-0.03575177401674283,0.48197115384615385,-0.10267739883320104,2.187678845963596,1.9719813849414565
57000CE,56500PE,1,3953,0.015309919363406371,0.5054389071591197,0.04402377283732051,2.590633448270176,2.612601864991841
57000CE,56500PE,2,3953,0.04343589162562026,0.5056918795851252,0.04416961130742436,2.590633448270176,2.612601864991841
57000CE,56500PE,3,3953,0.020281097614612876,0.4983556792309638,0.0,2.590633448270176,2.612601864991841
57000CE,56500PE,5,3951,0.05699513365159196,0.5067071627436092,0.05405405405404906,2.590824197035742,2.6137646650742337
57000CE,56500PE,10,3950,0.08096360762072896,0.5146835443037975,0.08853063157502561,2.590984301575152,2.6141896190676093
57000CE,57000PE,1,3962,0.025188864078822416,0.502776375567895,0.013762135856275393,2.355106993372578,2.3881276114289007
57000CE,57000PE,2,3962,0.04276668030958061,0.508329126703685,0.05392789462058545,2.355106993372578,2.3881276114289007
57000CE,57000PE,3,3962,0.014939351711406796,0.5,0.003251186683137064,2.355106993372578,2.3881276114289007
57000CE,57000PE,5,3960,0.0563691137669737,0.5055555555555555,0.03683926721175368,2.3553793158480554,2.389267741169867
57000CE,57000PE,10,3959,0.08122869647177909,0.5125031573629705,0.06891402974788718,2.3556044485390575,2.3896029165331227
57000CE,57500CE,1,3963,-0.03981155633362539,0.4769114307342922,-0.09750501864066052,2.5615255153410814,2.3506090342703496
57000CE,57500CE,2,3963,-0.05943577783875845,0.4706030784759021,-0.13545546901457328,2.5615255153410814,2.3506090342703496
57000CE,57500CE,3,3963,-0.03083706123995753,0.4786777693666414,-0.07680491551460022,2.5615255153410814,2.3506090342703496
57000CE,57500CE,5,3961,-0.06499143055642105,0.4746276192880586,-0.10223585366937016,2.562506242666959,2.3496464708217246
57000CE,57500CE,10,3960,-0.10991040914226076,0.4671717171717172,-0.14014128880906185,2.5623585396073887,2.349475197595615
57000CE,57500PE,1,3853,0.03358480287269095,0.5037633013236439,0.023171391055825552,2.0526668832831767,2.097645720132685
57000CE,57500PE,2,3853,0.06082876327597956,0.5084349857254088,0.03789314134141364,2.0526668832831767,2.097645720132685
57000CE,57500PE,3,3853,0.023474651232600806,0.5035037633013236,0.02007091724092902,2.0526668832831767,2.097645720132685
57000CE,57500PE,5,3851,0.058893427660950654,0.5035055829654635,0.02271281911509959,2.0530535484785544,2.098662658738174
57000CE,57500PE,10,3850,0.0779091791914297,0.512987012987013,0.0652337980925708,2.05323143723967,2.0990424766660634
57000PE,56500CE,1,3744,-0.038723426112400136,0.4791666666666667,-0.1074261408203867,1.9765509345160028,1.8450950408027058
57000PE,56500CE,2,3743,-0.02736023929452488,0.48330216403954046,-0.08747949699289848,1.9763864845085497,1.8453945304308719
57000PE,56500CE,3,3742,-0.04166757707318244,0.48663816141101013,-0.06417832372616061,1.9762363248207964,1.8457363264148288
57000PE,56500CE,5,3740,-0.08800629414886,0.47807486631016044,-0.1038288430174319,1.9769434226553342,1.8454433187169839
57000PE,56500CE,10,3739,-0.09480062684302078,0.4699117411072479,-0.14818880351262465,1.9773598784299744,1.845409168274812
57000PE,56500PE,1,4766,0.10666115064517104,0.5117498950902224,0.08398959014179752,2.464810611549515,2.4232205161325435
57000PE,56500PE,2,4765,0.08743597129618748,0.5093389296956978,0.06448839208943014,2.465262654638036,2.422995776463838
57000PE,56500PE,3,4764,0.08029032222120351,0.5039882451721243,0.03220170008524548,2.46565373610676,2.4228362886547576
57000PE,56500PE,5,4762,0.14566519453367296,0.507559848803024,0.05030503741724601,2.465759508670478,2.423721356267706
57000PE,56500PE,10,4761,0.09256006696571499,0.5122873345935728,0.07748934521502804,2.4656854922768234,2.424230434477382
57000PE,57000CE,1,4730,-0.06301414860974672,0.47716701902748415,-0.0835363197251695,2.0081185224744575,1.8750880012041096
57000PE,57000CE,2,4729,-0.053726076157999736,0.4747303869739903,-0.09575486753909956,2.007990455685005,1.8753575918977787
57000PE,57000CE,3,4728,-0.05829756795976977,0.4856175972927242,-0.0572050152838699,2.0078581318916027,1.8755330691788545
57000PE,57000CE,5,4726,-0.08419781356887082,0.48434193821413457,-0.05781726550909383,2.0085031977930186,1.8749267499844788
57000PE,57000CE,10,4725,-0.08727980440771159,0.47894179894179895,-0.07586206896552028,2.008874739738921,1.8748087704944365
57000PE,57500CE,1,4797,-0.08372871224716949,0.4698770064623723,-0.11824990145841241,2.2315440358326235,2.124130366330913
57000PE,57500CE,2,4796,-0.07399410457500287,0.46934945788156796,-0.11732340247500872,2.2314831277279192,2.1243266059194545
57000PE,57500CE,3,4795,-0.07461309748473129,0.47507820646506776,-0.08183306055646256,2.231388416385915,2.124341332535861
57000PE,57500CE,5,4793,-0.10394074315001385,0.47694554558731483,-0.07884658706915104,2.2320611446854963,2.123451441189424
57000PE,57500CE,10,4792,-0.11526393399342644,0.4628547579298831,-0.1353318448371965,2.232501851871847,2.1233762068576656
57000PE,57500PE,1,4707,0.11248046473963741,0.5130656469088591,0.055590299492763506,1.971800002044796,1.9786699672946255
57000PE,57500PE,2,4706,0.09193539243119514,0.5118997025074373,0.058856535232280294,1.9721520987008965,1.9786756418609213
57000PE,57500PE,3,4705,0.07936819601350024,0.5058448459086079,0.025387154100030784,1.972414789736265,1.978768850462353
57000PE,57500PE,5,4703,0.12458972762371691,0.5039336593663619,0.02263296869105602,1.9726972782500447,1.9795510058589925
57000PE,57500PE,10,4702,0.07887430505321649,0.5121225010633773,0.05718239303729433,1.9727471631058757,1.9799176746283043
57500CE,56500CE,1,3540,0.005558063120578759,0.4909604519774011,-0.037075437413470524,2.1301188272926344,1.9076584793406075
57500CE,56500CE,2,3539,-0.02383342525197952,0.4860129980220401,-0.07303370786516439,2.1299882908458634,1.907992910851419
57500CE,56500CE,3,3538,-0.033901737196500574,0.4833239118145845,-0.08662452881490879,2.1298728878652993,1.908372107841919
57500CE,56500CE,5,3536,-0.07770552638025309,0.47680995475113125,-0.11868458341423604,2.1307076783141854,1.9080976233319966
57500CE,56500CE,10,3535,-0.0792532291899844,0.4826025459688826,-0.0975020893305043,2.1307055122317076,1.908044345132458
57500CE,56500PE,1,4255,0.02914178186338026,0.5074030552291422,0.05599104143338707,2.4926610213813225,2.5546979382867128
57500CE,56500PE,2,4254,0.04881006690324759,0.5075223319228961,0.05707437812654348,2.493173911773103,2.5544771091613656
57500CE,56500PE,3,4253,0.06272732293874386,0.501528332941453,0.016592002654718385,2.493618544590911,2.5543293737769868
57500CE,56500PE,5,4251,0.08981455759842193,0.5097624088449777,0.059517904969737856,2.4937501885724194,2.5553826972639557
57500CE,56500PE,10,4250,0.1176476878100664,0.5174117647058823,0.09864867758027174,2.493876150671762,2.555763917571255
57500CE,57000CE,1,4241,-0.020520179176494124,0.4817260080169771,-0.0690369347601063,2.2389044236649687,1.9937022529128199
57500CE,57000CE,2,4240,-0.04075129081661397,0.47877358490566035,-0.09438746991826008,2.2388160175455982,1.9940309106114216
57500CE,57000CE,3,4239,-0.0524718721588927,0.48148148148148145,-0.07614213197970798,2.238722882057666,1.9942546260876282
57500CE,57000CE,5,4237,-0.06845525384453648,0.4805286759499646,-0.07716989561757259,2.2395513717792674,1.9936343708601554
57500CE,57000CE,10,4236,-0.0983130005431366,0.48135033050047216,-0.07782674707268455,2.2394039990327266,1.9935577188326805
57500CE,57000PE,1,4269,0.03376133554294821,0.5052705551651441,0.036890159549955115,2.275708676426249,2.33621295004603
57500CE,57000PE,2,4268,0.04864773811308725,0.5074976569821931,0.042934111331170755,2.2761839377978044,2.336065034216253
57500CE,57000PE,3,4267,0.05618963323853039,0.5012889617998594,0.0112271247333382,2.276537442312776,2.336091643891081
57500CE,57000PE,5,4265,0.07952687042817329,0.5026963657678781,0.01564700359881499,2.276753446509909,2.3371258389295684
57500CE,57000PE,10,4264,0.11801928782226193,0.5110225140712945,0.0611588373736609,2.2769440362037034,2.3374248111061378
57500CE,57500PE,1,4144,0.04493428722132034,0.5069980694980695,0.031219034529144096,1.9801928708592769,2.059380621178995
57500CE,57500PE,2,4143,0.06408682092117778,0.5107410089307265,0.0528017952610611,1.980594840381947,2.0594065480828987
57500CE,57500PE,3,4142,0.06505279275387997,0.5077257363592468,0.03470566561186672,1.9808952759355662,2.059531916836148
57500CE,57500PE,5,4140,0.07856267372633483,0.5021739130434782,0.015300803145400721,1.9812202770110987,2.060459453783767
57500CE,57500PE,10,4139,0.10844737142506351,0.5124426189900942,0.06568144499179596,1.981368389709535,2.060803521388846
57500PE,56500CE,1,3463,-0.09949319705841969,0.47473289055732026,-0.14019195513857596,1.9957219057255944,1.861509548229522
57500PE,56500CE,2,3463,-0.11148338072988334,0.4770430262777938,-0.11897208121827418,1.9957219057255944,1.861509548229522
57500PE,56500CE,3,3462,-0.10874777668111692,0.4737146158290006,-0.14783792723103772,1.9955651864505066,1.8618836428539487
57500PE,56500CE,5,3460,-0.12291365440866998,0.47369942196531795,-0.11383355117862237,1.9963406788275098,1.8615762572594223
57500PE,56500CE,10,3459,-0.041491170117364855,0.473258167100318,-0.1237930180737834,1.9967964537328438,1.861544006445679
57500PE,56500PE,1,4437,0.15877305582771992,0.5149876042370971,0.10574550581598885,2.5009117969407937,2.4615208960680603
57500PE,56500PE,2,4437,0.14190938680582915,0.5136353391931485,0.09474182851730006,2.5009117969407937,2.4615208960680603
57500PE,56500PE,3,4436,0.1282261673499463,0.5112714156898106,0.07874534822782664,2.501339831489781,2.461358300305469
57500PE,56500PE,5,4434,0.15112491931365366,0.5137573297248534,0.08397372127149083,2.5014695250259087,2.4623262155053256
57500PE,56500PE,10,4433,0.020184594623808276,0.5134220618091586,0.08578781812983038,2.5013980876169675,2.4628816691970705
57500PE,57000CE,1,4410,-0.10510870673863479,0.4748299319727891,-0.09607157109449105,2.0153753413553477,1.8900104225516303
57500PE,57000CE,2,4410,-0.10755301070676697,0.47528344671201816,-0.1034897575642475,2.0153753413553477,1.8900104225516303
57500PE,57000CE,3,4409,-0.10674734364656915,0.47675209798140167,-0.09205560158335402,2.0152351186269435,1.8902019193571602
57500PE,57000CE,5,4407,-0.10752656195628439,0.48127978216473793,-0.08472781190425849,2.0159302253715685,1.8895583689118995
57500PE,57000CE,10,4406,-0.0464355398517156,0.476395823876532,-0.08709215995298081,2.0163303530887644,1.8894351683963475
57500PE,57000PE,1,4465,0.13863388553183162,0.5164613661814109,0.08440853732064113,2.2948737660111838,2.2715321855190242
57500PE,57000PE,2,4465,0.12614059507073672,0.5119820828667413,0.06373486297005115,2.2948737660111838,2.2715321855190242
57500PE,57000PE,3,4464,0.11463258131442795,0.5089605734767025,0.05027663524187176,2.295215856869965,2.271543164603656
57500PE,57000PE,5,4462,0.1338054062325843,0.5085163603765128,0.046933008202515225,2.295430696567384,2.272502766773215
57500PE,57000PE,10,4461,0.03172971676486783,0.511768661735037,0.05969436485196411,2.2954971673108986,2.273012182322817
57500PE,57500CE,1,4469,-0.12575613422271847,0.46945625419556947,-0.1216311375712138,2.247013524350986,2.1445385946341857
57500PE,57500CE,2,4469,-0.13400631024628543,0.46788990825688076,-0.11953923060204374,2.247013524350986,2.1445385946341857
57500PE,57500CE,3,4468,-0.12627680815787046,0.4679946284691137,-0.1151671255588056,2.2469153572766163,2.144558922770797
57500PE,57500CE,5,4466,-0.13058147338348564,0.47245857590685175,-0.10650061820426515,2.2476442960633767,2.1436129276872764
57500PE,57500CE,10,4465,-0.06012096712671551,0.4667413213885778,-0.11261261261262234,2.24812076907309,2.1435366989232705
