candidate,discovery_family,feature_definition,timestamp_definition,forward_label_definition,type,contract,direction,timeframe,events,clusters,wins,losses,avg_winner,avg_loser,IS_expectancy,IS_PF,IS_TRADE_SHARPE,IS_Sortino,IS_MAE,IS_MFE,IS_DAILY_SHARPE,IS_BOOTSTRAP_SHARPE,IS_SURROGATE_SHARPE,surrogate_p,surrogate_note,OOS_events,OOS_expectancy,OOS_WR,OOS_result,METRIC_INTEGRITY,top5,rm_best3,perm_p,final_status,failure_reason,perm_p_adj
EV:e_large_ret,RAW_OPTION_PRICE,e_large_ret,signal bar close t (past-only),fwd_ret_5m,OPTION_NATIVE_DISCOVERY,chain,long,5m,1409,545,398,1011,0.9932030245731133,-0.4994482376790355,-0.07781927928559677,0.7828516384678894,-4.340037078498418,-246.2577201049888,1.439719313780704,1.4985187197302892,-11.0321960936194,-4.321534212076229,-4.341578004839892,0.945273631840796,differs from TRADE_SHARPE because it is the null distribution under label permutation; high raw + p~0.9 means effect is not distinguishable from noise,556,-0.10611510791366956,0.26258992805755393,OOS_REJECTED,PASS,-0.045600731236806746,-0.08011903592703117,0.945273631840796,ROBUST,surrogate-fail;OOS_REJECTED,1.0
EV:e_expansion,RAW_OPTION_PRICE,e_expansion,signal bar close t (past-only),fwd_ret_5m,OPTION_NATIVE_DISCOVERY,chain,long,5m,2749,2023,886,1862,0.9544500321988076,-0.49646795822059153,-0.028657915488758748,0.9147786447804079,-2.191542732142884,-43.61075225893205,1.0847630939107644,1.1207417106307245,-5.991999866736219,-2.2884136188527493,-2.1919414449918966,1.0,differs from TRADE_SHARPE because it is the null distribution under label permutation; high raw + p~0.9 means effect is not distinguishable from noise,942,-0.057555714365302026,0.2961783439490446,OOS_REJECTED,PASS,-0.0634673940757575,-0.029781722388418714,1.0,ROBUST,surrogate-fail;OOS_REJECTED,1.0
EV:e_vol_shock,OPTION_VOLUME,e_vol_shock,signal bar close t (past-only),fwd_ret_5m,OPTION_NATIVE_DISCOVERY,chain,long,5m,2991,1498,877,2113,0.9698391168652006,-0.49743834487927485,-0.06704724748884214,0.809208681351597,-5.449066135730689,-120.6230504946376,1.193798764996867,1.1773506963701763,-13.351746847671187,-5.453729220147081,-5.449977266527457,0.9353233830845771,differs from TRADE_SHARPE because it is the null distribution under label permutation; high raw + p~0.9 means effect is not distinguishable from noise,1057,-0.09908137800081147,0.26773888363292336,OOS_REJECTED,PASS,-0.02493289097483488,-0.06811858006664219,0.9353233830845771,ROBUST,surrogate-fail;OOS_REJECTED,1.0
EV:ev_largeRet_volShock,OPTION_VOLUME,ev_largeRet_volShock,signal bar close t (past-only),fwd_ret_5m,OPTION_NATIVE_DISCOVERY,chain,long,5m,684,303,167,517,1.0,-0.4997908529129266,-0.1336138464268758,0.6463051619315392,-5.419694266832771,-734.8224657580492,1.618994200192461,1.5930342508256177,-15.907211178557397,-5.424361784119572,-5.423660372569367,1.0,differs from TRADE_SHARPE because it is the null distribution under label permutation; high raw + p~0.9 means effect is not distinguishable from noise,287,-0.1602787456445995,0.2264808362369338,OOS_REJECTED,PASS,-0.05470946100237016,-0.13860774002346996,1.0,ROBUST,surrogate-fail;OOS_REJECTED,1.0
EV:ev_ce_leads_pe,CE_PE_RELATIONSHIP,ev_ce_leads_pe,signal bar close t (past-only),fwd_ret_5m,OPTION_NATIVE_DISCOVERY,chain,long,5m,554,458,198,356,0.9818173481679464,-0.498615126854698,0.030492508622709198,1.0951672395411833,1.006094633088678,34.779731434610945,1.0077552631731874,1.00137803414647,3.313812289310336,0.9717063315832557,1.0070038904542882,1.0,differs from TRADE_SHARPE because it is the null distribution under label permutation; high raw + p~0.9 means effect is not distinguishable from noise,404,0.01754867697846256,0.349009900990099,OOS_SURVIVED_MARK,PASS,0.29598321573979025,0.025213883442796518,1.0,ROBUST,surrogate-fail,1.0
EV:ev_pe_leads_ce,CE_PE_RELATIONSHIP,ev_pe_leads_ce,signal bar close t (past-only),fwd_ret_5m,OPTION_NATIVE_DISCOVERY,chain,long,5m,1032,828,371,660,0.9477382451199436,-0.4934785158315865,0.025111500475437976,1.0795683176251325,1.1493237871929154,17.568689883193503,1.1057920169905302,1.0783151078032847,3.6781015476564884,1.1104491094354825,1.1498810334834233,1.0,differs from TRADE_SHARPE because it is the null distribution under label permutation; high raw + p~0.9 means effect is not distinguishable from noise,224,0.03064259966744411,0.35714285714285715,OOS_SURVIVED_MARK,PASS,0.1929379427186767,0.022269259952042764,1.0,ROBUST,surrogate-fail,1.0
EV:ev_compress_expand,CE_PE_RELATIONSHIP,ev_compress_expand,signal bar close t (past-only),fwd_ret_5m,OPTION_NATIVE_DISCOVERY,chain,long,5m,538,501,190,348,0.932705718891365,-0.4928450374846058,0.010602255659324355,1.0332576008129377,0.35468962129209336,4.9955827865776055,0.8840137010915216,1.0073567779866246,1.164183410261199,0.3768613405593787,0.35501971821843137,1.0,differs from TRADE_SHARPE because it is the null distribution under label permutation; high raw + p~0.9 means effect is not distinguishable from noise,180,0.006953867764381666,0.3388888888888889,OOS_SURVIVED_MARK,PASS,0.8765757585956971,0.005054230924703744,1.0,ROBUST,concentration;surrogate-fail,1.0
EV:e_atm_move,CROSS_STRIKE_RELATIONSHIP,e_atm_move,signal bar close t (past-only),fwd_ret_5m,OPTION_NATIVE_DISCOVERY,chain,long,5m,2600,1049,782,1818,0.9869292417181396,-0.49927343980457106,-0.05226940251581733,0.8502769927057087,-3.9001295376708733,-177.87333546926092,1.2913609003510778,1.3078054458707085,-10.476743383839677,-3.9250089863540736,-3.9008797732952654,1.0,differs from TRADE_SHARPE because it is the null distribution under label permutation; high raw + p~0.9 means effect is not distinguishable from noise,974,-0.10728952772073952,0.2618069815195072,OOS_REJECTED,PASS,-0.0367916377558549,-0.053484962087456726,1.0,ROBUST,surrogate-fail;OOS_REJECTED,1.0
EV:ev_ret_vol_expand,EVENT,ev_ret_vol_expand,signal bar close t (past-only),fwd_ret_5m,OPTION_NATIVE_DISCOVERY,chain,long,5m,175,131,46,129,1.0,-0.5000000000000017,-0.10571428571428693,0.713178294573641,-2.111938768334788,-182406302864315.1,1.725095218493521,1.8228577837856996,-4.54979173575122,-2.1627927562404228,-2.1179988601324635,1.0,differs from TRADE_SHARPE because it is the null distribution under label permutation; high raw + p~0.9 means effect is not distinguishable from noise,73,-0.08904109589041193,0.273972602739726,OOS_REJECTED,PASS,-0.2702702702702672,-0.12500000000000125,1.0,ROBUST,surrogate-fail;OOS_REJECTED,1.0
SEQ:seq2=weak_up|weak_down,SEQUENCE,weak_up|weak_down,signal bar close t (past-only),fwd_ret_5m,OPTION_NATIVE_DISCOVERY,chain,long,5m,3274,2772,1117,2156,0.9512074817938873,-0.4943188208810585,-0.0009934699620616453,0.9969480493072929,-0.08189286396607946,-1.241753064833768,0.8462688657085075,0.8620222038499652,-0.2932055405295207,-0.05443197270502393,-0.08190537325988076,1.0,differs from TRADE_SHARPE because it is the null distribution under label permutation; high raw + p~0.9 means effect is not distinguishable from noise,900,-0.010903085088946874,0.32666666666666666,OOS_REJECTED,PASS,-1.5372219908583065,-0.0019115318421858054,1.0,RANKABLE,surrogate-fail;OOS_REJECTED,1.0
SEQ:seq2=weak_down|weak_up,SEQUENCE,weak_down|weak_up,signal bar close t (past-only),fwd_ret_5m,OPTION_NATIVE_DISCOVERY,chain,long,5m,3218,2700,1046,2170,0.9544297860915418,-0.49197433715317385,-0.02151981211020338,0.9351332212203498,-1.780637628707408,-22.294761695119224,0.8307362979280392,0.8111198560071287,-5.181304599122054,-1.855354899477381,-1.7809143589773644,1.0,differs from TRADE_SHARPE because it is the null distribution under label permutation; high raw + p~0.9 means effect is not distinguishable from noise,823,-0.011099382888977029,0.3268529769137303,OOS_REJECTED,PASS,-0.07220137850106721,-0.022473018777802358,1.0,ROBUST,surrogate-fail;OOS_REJECTED,1.0
SEQ:seq2=weak_up|weak_up,SEQUENCE,weak_up|weak_up,signal bar close t (past-only),fwd_ret_5m,OPTION_NATIVE_DISCOVERY,chain,long,5m,2962,2112,956,2005,0.9623396060889214,-0.4946437659254684,-0.024228253632530457,0.9276397183390153,-1.915593274771285,-30.14019774052325,0.8558539264546589,0.7916913298634585,-4.162664368034094,-1.8889934293005908,-1.9159167153455936,1.0,differs from TRADE_SHARPE because it is the null distribution under label permutation; high raw + p~0.9 means effect is not distinguishable from noise,812,-0.04966851436933843,0.30049261083743845,OOS_REJECTED,PASS,-0.06967273173719993,-0.025266673626074772,1.0,ROBUST,surrogate-fail;OOS_REJECTED,1.0
SEQ:seq2=weak_down|weak_down,SEQUENCE,weak_down|weak_down,signal bar close t (past-only),fwd_ret_5m,OPTION_NATIVE_DISCOVERY,chain,long,5m,2952,2097,1086,1865,0.9546873314845655,-0.4950371394638512,0.03846415206373841,1.1229860625019392,2.9531544882756386,50.18545374682525,0.8417638155882384,0.9066064370144692,8.119592001044966,2.9292545552570224,2.9536548067626254,1.0,differs from TRADE_SHARPE because it is the null distribution under label permutation; high raw + p~0.9 means effect is not distinguishable from noise,836,-0.021468512020578326,0.32057416267942584,OOS_REJECTED,PASS,0.04403494804363971,0.03748598741680428,1.0,RANKABLE,surrogate-fail;OOS_REJECTED,1.0
SEQ:seq2=weak_up|flat,SEQUENCE,weak_up|flat,signal bar close t (past-only),fwd_ret_5m,OPTION_NATIVE_DISCOVERY,chain,long,5m,2450,2174,826,1620,0.9316859863386079,-0.4929300132042673,-0.0118261210919277,0.9637165872360015,-0.8547170663067672,-11.911331043208392,0.8180583907697694,0.7977915803951993,-2.167887990370663,-0.8243313288619297,-0.854891550528329,0.9900497512437811,differs from TRADE_SHARPE because it is the null distribution under label permutation; high raw + p~0.9 means effect is not distinguishable from noise,527,-0.07362782835323098,0.286527514231499,OOS_REJECTED,PASS,-0.1725685295006521,-0.013066610819461751,0.9900497512437811,RANKABLE,surrogate-fail;OOS_REJECTED,1.0
SEQ:seq2=weak_down|flat,SEQUENCE,weak_down|flat,signal bar close t (past-only),fwd_ret_5m,OPTION_NATIVE_DISCOVERY,chain,long,5m,2372,2091,799,1570,0.9276910706859678,-0.49411061021354663,-0.014556700066264793,0.9554903902810726,-1.0363734133208458,-16.140271869830805,0.8350060326340433,0.7744985075783092,-3.2987707261786445,-1.0303887160684495,-1.036591940729792,0.945273631840796,differs from TRADE_SHARPE because it is the null distribution under label permutation; high raw + p~0.9 means effect is not distinguishable from noise,558,-7.32532197234349e-05,0.33512544802867383,OOS_REJECTED,PASS,-0.14480794351852688,-0.015841491159636983,0.945273631840796,ROBUST,surrogate-fail;OOS_REJECTED,1.0
SEQ:seq3=weak_up|weak_down|weak_up,SEQUENCE,weak_up|weak_down|weak_up,signal bar close t (past-only),fwd_ret_5m,OPTION_NATIVE_DISCOVERY,chain,long,5m,958,850,320,638,0.9512303979523784,-0.4879221056076223,-0.007203106506160746,0.9778326299002968,-0.323616203319188,-3.2551953809766037,0.7777386889751685,0.8189881808947654,-0.9073278193630387,-0.310442109321096,-0.3237852371792708,1.0,differs from TRADE_SHARPE because it is the null distribution under label permutation; high raw + p~0.9 means effect is not distinguishable from noise,224,-0.018883986622508533,0.32142857142857145,OOS_REJECTED,PASS,-0.7245771912605505,-0.010367095322410466,1.0,ROBUST,surrogate-fail;OOS_REJECTED,1.0
SEQ:seq3=weak_up|weak_down|weak_down,SEQUENCE,weak_up|weak_down|weak_down,signal bar close t (past-only),fwd_ret_5m,OPTION_NATIVE_DISCOVERY,chain,long,5m,916,893,329,586,0.9538525047152183,-0.4941155216560851,0.026491024411398483,1.083804649470198,1.139867067769548,17.61193783597102,0.8125619583824873,0.8691210223378253,3.70861409549273,1.1906731767230532,1.140489774233977,0.21393034825870647,differs from TRADE_SHARPE because it is the null distribution under label permutation; high raw + p~0.9 means effect is not distinguishable from noise,211,-0.016587677725118415,0.3222748815165877,OOS_REJECTED,PASS,0.206051498767036,0.02329219973805149,0.21393034825870647,RANKABLE,surrogate-fail;OOS_REJECTED,1.0
SEQ:seq3=weak_down|weak_up|weak_down,SEQUENCE,weak_down|weak_up|weak_down,signal bar close t (past-only),fwd_ret_5m,OPTION_NATIVE_DISCOVERY,chain,long,5m,901,805,310,590,0.9410179385354376,-0.49432271077067763,7.232141097217367e-05,1.0002234236312724,0.0031403276906161793,0.04604423381501427,0.8591728702018594,0.7576702800600964,0.011431842340849502,-0.018501806627543728,0.0031420718282137244,1.0,differs from TRADE_SHARPE because it is the null distribution under label permutation; high raw + p~0.9 means effect is not distinguishable from noise,244,-0.045081967213114464,0.30327868852459017,OOS_REJECTED,PASS,76.73231886037185,-0.003268194219058002,1.0,RANKABLE,concentration;surrogate-fail;OOS_REJECTED,1.0
SEQ:seq3=weak_down|weak_down|weak_up,SEQUENCE,weak_down|weak_down|weak_up,signal bar close t (past-only),fwd_ret_5m,OPTION_NATIVE_DISCOVERY,chain,long,5m,897,878,296,600,0.9360647530561627,-0.49166763193404656,-0.019983737185957483,0.9392360099535413,-0.876943595426337,-10.275211561168524,0.771039696282702,0.8603559171072425,-2.4692248997410786,-0.8679080870788591,-0.8774328235199945,1.0,differs from TRADE_SHARPE because it is the null distribution under label permutation; high raw + p~0.9 means effect is not distinguishable from noise,195,0.01566601727768248,0.3435897435897436,OOS_SURVIVED_MARK,PASS,-0.27893361271962397,-0.023406501404702323,1.0,RANKABLE,surrogate-fail,1.0
SEQ:seq3=weak_up|weak_up|weak_down,SEQUENCE,weak_up|weak_up|weak_down,signal bar close t (past-only),fwd_ret_5m,OPTION_NATIVE_DISCOVERY,chain,long,5m,891,878,309,582,0.9582741143288291,-0.49543308976255074,0.008714526471160187,1.026928583131956,0.37166212814075195,6.366990847745882,0.8052944814078841,0.8985846654873924,0.9331601028782565,0.3741285082957482,0.3718708679390624,1.0,differs from TRADE_SHARPE because it is the null distribution under label permutation; high raw + p~0.9 means effect is not distinguishable from noise,198,-0.03030303030303052,0.31313131313131315,OOS_REJECTED,PASS,0.643944601799098,0.005365589060589782,1.0,RANKABLE,concentration;surrogate-fail;OOS_REJECTED,1.0
SEQ:seq3=weak_down|weak_up|weak_up,SEQUENCE,weak_down|weak_up|weak_up,signal bar close t (past-only),fwd_ret_5m,OPTION_NATIVE_DISCOVERY,chain,long,5m,855,841,266,589,0.9505576004628132,-0.4932871597781742,-0.04409101214764481,0.8702518788881745,-1.901342471435217,-25.81826913774302,0.8037473446416499,0.7675939850677442,-5.774145148139013,-1.9342410494303977,-1.9024553411091314,1.0,differs from TRADE_SHARPE because it is the null distribution under label permutation; high raw + p~0.9 means effect is not distinguishable from noise,162,-0.05608549726196693,0.2962962962962963,OOS_REJECTED,PASS,-0.13263368046057997,-0.04776738895098157,1.0,ROBUST,surrogate-fail;OOS_REJECTED,1.0
STATE:mid/pe_dom/midlow,CHAIN_STATE,mid/pe_dom/midlow,signal bar close t (past-only),fwd_ret_5m,OPTION_NATIVE_DISCOVERY,chain,long,5m,928,806,312,614,0.9513527461081879,-0.49439247920545226,-0.007257462765509751,0.9778133074163899,-0.3202474242324203,-5.321989835101629,0.7747025760747711,0.8236585643714648,-1.085331559374118,-0.3241791554592061,-0.3204201104477336,0.9552238805970149,differs from TRADE_SHARPE because it is the null distribution under label permutation; high raw + p~0.9 means effect is not distinguishable from noise,325,-0.008449302335146696,0.3292307692307692,OOS_REJECTED,PASS,-0.7423987154420241,-0.010524243725830324,0.9552238805970149,ROBUST,surrogate-fail;OOS_REJECTED,1.0
STATE:mid/pe_dom/midhigh,CHAIN_STATE,mid/pe_dom/midhigh,signal bar close t (past-only),fwd_ret_5m,OPTION_NATIVE_DISCOVERY,chain,long,5m,906,807,337,566,0.9511430882651439,-0.49574275837028775,0.04408920475471375,1.1423598930383523,1.8742631940109307,35.241790066830085,0.89505612464342,0.8820755950239887,5.4698876224634025,1.9364341096758644,1.8752984099949734,1.0,differs from TRADE_SHARPE because it is the null distribution under label permutation; high raw + p~0.9 means effect is not distinguishable from noise,304,0.04276315789473656,0.3618421052631579,OOS_SURVIVED_MARK,PASS,0.12517267724860615,0.040913421381805794,1.0,ROBUST,surrogate-fail,1.0
STATE:low/pe_dom/midhigh,CHAIN_STATE,low/pe_dom/midhigh,signal bar close t (past-only),fwd_ret_5m,OPTION_NATIVE_DISCOVERY,chain,long,5m,888,777,283,605,0.9751071761365712,-0.4978114556151723,-0.028401576351947715,0.9162595770972317,-1.2241629900287114,-29.396033929814074,0.9191045481644748,0.8659208671418369,-4.209673846922427,-1.220474677022522,-1.2248528519287705,0.7611940298507462,differs from TRADE_SHARPE because it is the null distribution under label permutation; high raw + p~0.9 means effect is not distinguishable from noise,432,-0.03125000000000046,0.3125,OOS_REJECTED,PASS,-0.19825063795251274,-0.03188768339042888,0.7611940298507462,ROBUST,surrogate-fail;OOS_REJECTED,1.0
STATE:vhigh/ce_dom/high_vol,CHAIN_STATE,vhigh/ce_dom/high_vol,signal bar close t (past-only),fwd_ret_5m,OPTION_NATIVE_DISCOVERY,chain,long,5m,871,697,260,611,0.9811755795521897,-0.4985492650694331,-0.05684035622715764,0.8374729489482837,-2.46502754267776,-66.19999882718113,1.1725014063390307,1.1522777299645026,-6.844784033861593,-2.4680125487086273,-2.466443814688267,0.5422885572139303,differs from TRADE_SHARPE because it is the null distribution under label permutation; high raw + p~0.9 means effect is not distinguishable from noise,355,-0.0901408450704229,0.27323943661971833,OOS_REJECTED,PASS,-0.10099388022211364,-0.0604930302694174,0.5422885572139303,ROBUST,surrogate-fail;OOS_REJECTED,1.0
STATE:low/pe_dom/high_vol,CHAIN_STATE,low/pe_dom/high_vol,signal bar close t (past-only),fwd_ret_5m,OPTION_NATIVE_DISCOVERY,chain,long,5m,857,696,250,607,0.9781499054138726,-0.49822540790860803,-0.06754416131511892,0.8085946498703288,-2.9285421385870887,-77.30284035637821,1.0013871256666054,0.9049662948917765,-8.67371002387424,-2.9576353226438554,-2.9302522319895825,0.4228855721393035,differs from TRADE_SHARPE because it is the null distribution under label permutation; high raw + p~0.9 means effect is not distinguishable from noise,365,-0.10314857235171636,0.26575342465753427,OOS_REJECTED,PASS,-0.08637764692051432,-0.07129431644854438,0.4228855721393035,ROBUST,surrogate-fail;OOS_REJECTED,1.0
STATE:mid/ce_dom/midlow,CHAIN_STATE,mid/ce_dom/midlow,signal bar close t (past-only),fwd_ret_5m,OPTION_NATIVE_DISCOVERY,chain,long,5m,841,732,279,560,0.9514359136154614,-0.4988985972036722,-0.016566699804212402,0.9501308818299418,-0.6957262211139057,-32.79291456178213,0.82524781209981,0.8549964364257744,-2.791280759651533,-0.8042980666344979,-0.696140219678365,1.0,differs from TRADE_SHARPE because it is the null distribution under label permutation; high raw + p~0.9 means effect is not distinguishable from noise,260,-0.06482349233314919,0.2923076923076923,OOS_REJECTED,PASS,-0.35887070332209553,-0.02020596006604134,1.0,RANKABLE,surrogate-fail;OOS_REJECTED,1.0
