candidate_id,description,n,n_indep,indep_days,mean_train,mean_oos,median_all,win_rate,top1_conc,top3_conc,rm_best3,rm_bestday1,perm_p,mfe_med,mae_med,perm_p_adj,oos_agree,score,status
STATE:low/mid/vhigh/pe_weak,state low/mid/vhigh/pe_weak forward 5m,53,51,20,-0.3509935380138663,9.418863626521816,0.22286254558552798,0.6037735849056604,0.8463022199703257,1.2747497164197592,-0.29988490294536746,0.035122995478544396,1.0,1.0409261704072306,0.9794713538172487,1.0,0.0,17.090292325981743,ROBUST_CANDIDATE
SEQ:seq_5=strong_down|weak_down|weak_up|weak_up|strong_down,pattern strong_down|weak_down|weak_up|weak_up|strong_down forward 5m,77,77,20,0.9620986006283568,7.5633291790597506,0.7121146330872961,0.6363636363636364,0.33834432318691243,0.7557239473880231,0.5593362374905445,0.8875312010901719,1.0,2.491567838102489,1.1565585331452815,1.0,1.0,14.887501287591116,ROBUST_CANDIDATE
SEQ:seq_5=weak_down|flat|strong_down|weak_up|weak_up,pattern weak_down|flat|strong_down|weak_up|weak_up forward 5m,74,74,19,1.6781541441648602,6.4922120154999305,0.6767988225821782,0.6486486486486487,0.3446961954930001,0.6960103872848143,0.9396088553256515,1.4487224936131398,0.845771144278607,0.9935603050599117,1.5432287851028947,1.0,1.0,12.919014549374015,ROBUST_CANDIDATE
STATE:low/high/high/ce_weak,state low/high/high/ce_weak forward 5m,67,64,16,0.5325267317783884,6.121737217869123,0.7639538509510544,0.5970149253731343,0.635734948144493,0.7244164879118913,0.39722196147920785,0.5393262094343532,1.0,2.0913107511045723,1.3856231105139403,1.0,1.0,12.066333133183031,ROBUST_CANDIDATE
SEQ:seq_5=strong_up|strong_up|strong_up|strong_up|strong_down,pattern strong_up|strong_up|strong_up|strong_up|strong_down forward 5m,196,196,18,0.5507247548341604,4.547194576355232,2.252693634124917,0.6938775510204082,0.033155833713795144,0.09192142681630609,2.3522010906765676,1.6333280974768858,0.8756218905472637,3.6229327842160783,2.284371787886704,1.0,1.0,11.173983367388455,ROBUST_CANDIDATE
SEQ:seq_5=weak_down|weak_down|strong_up|strong_up|strong_up,pattern weak_down|weak_down|strong_up|strong_up|strong_up forward 5m,66,66,14,-0.12692838869523043,5.6398237137835325,0.15581208542317881,0.5151515151515151,0.10819684893217793,0.2990113585274721,1.9589940628689326,1.5332639184101022,0.9950248756218906,2.4260309887802656,4.39799533649667,1.0,0.0,10.412228298951101,ROBUST_CANDIDATE
SEQ:seq_5=weak_down|strong_up|strong_up|strong_up|weak_down,pattern weak_down|strong_up|strong_up|strong_up|weak_down forward 5m,51,51,16,0.870743656263383,4.400889127630094,1.7499999999999858,0.6862745098039216,0.19290498569041864,0.45983138646959987,1.3959277125799536,1.4414735391475575,0.9601990049751243,2.0259740259740338,2.4825915834090186,1.0,1.0,9.915069198221072,ROBUST_CANDIDATE
STATE:low/mid/mid/ce_weak,state low/mid/mid/ce_weak forward 5m,177,175,21,-0.051348290620800256,4.981139387736018,0.4301935871142035,0.5932203389830508,0.2683470623566336,0.6699295469297865,0.3921979667626361,0.3943580582036757,0.9502487562189055,1.6161616161616161,1.3567293777134588,1.0,0.0,9.08139830477338,ROBUST_CANDIDATE
SEQ:seq_5=strong_down|strong_up|strong_up|strong_up|strong_up,pattern strong_down|strong_up|strong_up|strong_up|strong_up forward 5m,152,152,16,-0.09339304857343347,3.3980547245705686,1.7205980013281774,0.6381578947368421,0.03255294740666838,0.09483709113068474,2.4539369251391134,1.578663658842819,0.26865671641791045,3.020791027446961,6.116891131843795,1.0,0.0,8.436534977326342,ROBUST_CANDIDATE
STATE:low/mid/vhigh/ce_weak,state low/mid/vhigh/ce_weak forward 5m,72,72,20,0.08957612620235346,4.109901498368994,0.8377489297756,0.6944444444444444,0.23676144971758792,0.656601640569134,0.37836928877696546,0.1294200014889233,1.0,1.5532319007496405,0.9528097725254445,1.0,1.0,8.205402529716796,ROBUST_CANDIDATE
STATE:low/high/low/ce_weak,state low/high/low/ce_weak forward 5m,79,73,15,0.4153636886142094,4.69204668745193,0.08122743682309874,0.5189873417721519,0.7023981890882021,1.0956084712936809,-0.11108750600659191,0.31330956843578406,1.0,1.6233766233766231,1.2857358947209196,1.0,1.0,8.146971212657256,ROBUST_CANDIDATE
STATE:vlow/high/high/ce_lead,state vlow/high/high/ce_lead forward 5m,83,69,12,0.5135189480981005,3.276990305497566,1.2209719894661362,0.6987951807228916,0.12500093968387224,0.2812717408254588,1.093666872986115,0.5701737162429924,0.9701492537313433,3.8928376161837095,1.5977631316157381,1.0,1.0,7.280026541650619,ROBUST_CANDIDATE
SEQ:seq_5=strong_down|weak_up|weak_down|weak_down|strong_up,pattern strong_down|weak_up|weak_down|weak_down|strong_up forward 5m,93,93,20,1.0181962949157894,2.9793076364089113,1.1078949995009424,0.6774193548387096,0.12415798434618926,0.24321268104491414,2.3631210811309344,1.8298001902134429,0.9353233830845771,1.5514809590973166,2.2495673908863765,1.0,1.0,6.692426451961616,ROBUST_CANDIDATE
STATE:low/high/mid/ce_weak,state low/high/mid/ce_weak forward 5m,108,102,19,-0.0873857842671343,3.6736224705493106,0.09008070476701846,0.5370370370370371,0.4546975917677667,0.7525533924744486,0.2597105930190867,0.5665917153391217,0.9950248756218906,1.7977574408442574,1.4161217793111551,1.0,0.0,5.9893206051247,ROBUST_CANDIDATE
SEQ:seq_4=flat|flat|weak_down|strong_down,pattern flat|flat|weak_down|strong_down forward 5m,262,262,21,0.48339243655236164,3.006230584451435,0.37952315878703047,0.5916030534351145,0.3450397396558773,0.6898407465913383,0.2628080290927491,0.2821047556201828,0.746268656716418,2.474858716531212,1.0754278084628086,1.0,1.0,5.764979169717976,ROBUST_CANDIDATE
SEQ:seq_5=weak_up|weak_down|weak_down|strong_up|strong_up,pattern weak_up|weak_down|weak_down|strong_up|strong_up forward 5m,90,90,18,1.82135657263531,1.7680628589244651,2.0146691021519985,0.7,0.13985219110142827,0.26021115180566945,1.7982367150316407,1.9119772090282983,0.7014925373134329,1.7485696546803098,4.301865175869667,1.0,1.0,5.383535028798471,ROBUST_CANDIDATE
SEQ:seq_4=weak_down|weak_down|strong_up|strong_up,pattern weak_down|weak_down|strong_up|strong_up forward 5m,350,350,21,0.5527938331808201,2.335710116276744,0.23866094199237153,0.5314285714285715,0.1824252284305342,0.42872090743414976,0.6307959844937594,0.7065144248164964,0.8756218905472637,1.4943375569247006,3.7766707452077117,1.0,1.0,4.414842621900277,ROBUST_CANDIDATE
SEQ:seq_5=weak_down|weak_down|strong_up|strong_up|weak_up,pattern weak_down|weak_down|strong_up|strong_up|weak_up forward 5m,64,64,18,1.244198645407616,2.0034752928828845,0.7888095856565442,0.640625,0.12577233886122297,0.3347406775293442,1.4101287523180686,1.4669988185446798,1.0,1.7022927378951156,3.5026896935109795,1.0,1.0,4.255463391809614,ROBUST_CANDIDATE
STATE:vlow/low/high/neutral,state vlow/low/high/neutral forward 5m,449,417,21,0.9213202928797461,1.790277887123396,0.4827330115113426,0.576837416481069,0.15776143450600888,0.35213384840127104,0.617122416942927,0.47720523966979456,0.6766169154228856,2.7720972506248556,1.012373453318331,1.0,1.0,3.843642267269809,ROBUST_CANDIDATE
SEQ:seq_4=flat|strong_up|strong_up|flat,pattern flat|strong_up|strong_up|flat forward 5m,121,119,20,1.0458926045414538,1.7349769831586197,0.20876826722337682,0.5371900826446281,0.3040128759860428,0.614743306855798,0.41509226755776224,0.7977661031454798,0.03482587064676617,1.601208459214505,3.0732860520094514,1.0,1.0,3.833605299810394,ROBUST_CANDIDATE
STATE:vlow/high/vhigh/ce_lead,state vlow/high/vhigh/ce_lead forward 5m,120,100,13,-0.22062839404952528,1.719167999839047,1.3095113841382542,0.6333333333333333,0.06920376080018278,0.20427794328710216,1.6053814292193,0.783981412443074,1.0,4.298043313797029,2.0194196437946874,1.0,0.0,3.8074751734907717,ROBUST_CANDIDATE
STATE:high/vlow/low/ce_lead,state high/vlow/low/ce_lead forward 5m,58,56,13,0.5735661388358111,1.7014495090008128,0.9000313952009407,0.6724137931034483,0.2102789475102355,0.4732054034276573,0.6075130708554887,0.3644938030138021,1.0,1.412252143938165,2.604413774684624,1.0,1.0,3.593630742736435,ROBUST_CANDIDATE
STATE:vlow/low/mid/neutral,state vlow/low/mid/neutral forward 5m,448,414,21,0.8260984544986703,1.4788557985355084,0.5972116074943727,0.5803571428571429,0.1595307336115883,0.3626453770605708,0.559645343347256,0.6097712135989136,0.4527363184079602,2.7409038550523928,1.0483900514012439,1.0,1.0,3.54864575443269,ROBUST_CANDIDATE
SEQ:seq_4=strong_up|strong_up|strong_up|strong_down,pattern strong_up|strong_up|strong_up|strong_down forward 5m,633,633,19,0.07802459441922105,1.426073622998057,0.7668214710011938,0.5450236966824644,0.04572777018623018,0.12662004973352925,0.8482292460270832,0.6864735813816849,1.0,3.3271829057794235,2.7395048439181964,1.0,1.0,3.2919218946191777,ROBUST_CANDIDATE
SEQ:seq_4=strong_up|strong_up|strong_up|strong_up,pattern strong_up|strong_up|strong_up|strong_up forward 5m,439,335,18,0.37722957053960926,1.4638900254880887,0.4720161834119949,0.5535307517084282,0.034649874437531196,0.09937094362375602,1.0703635905656907,0.6198309993326008,1.0,2.3318774139984804,5.670800450958281,1.0,1.0,3.09486918868106,ROBUST_CANDIDATE
SEQ:seq_4=strong_up|strong_up|strong_up|weak_down,pattern strong_up|strong_up|strong_up|weak_down forward 5m,302,302,20,0.5877197609281946,1.1642291153469881,1.0284007830567603,0.6026490066225165,0.08435429860144063,0.2052268399833755,0.7540203345848234,0.7728134457185076,0.9800995024875622,2.2876184986337584,2.93169876750516,1.0,1.0,2.975984915052141,ROBUST_CANDIDATE
SEQ:seq_4=strong_up|flat|strong_up|strong_up,pattern strong_up|flat|strong_up|strong_up forward 5m,201,197,20,0.7529704769702346,1.3592803736629742,0.6423432682425556,0.582089552238806,0.10677469293508207,0.27798469113263835,0.6548414529660218,0.6058059895040023,0.9353233830845771,1.5720005932077743,3.917429040581747,1.0,1.0,2.9520481851236307,ROBUST_CANDIDATE
STATE:mid/vhigh/high/pe_lead,state mid/vhigh/high/pe_lead forward 5m,128,123,19,0.5750551328113469,0.9740945961664628,0.8695181508591148,0.625,0.09703862763630011,0.27548320959248684,0.653206852611901,0.762603514459035,1.0,1.9728644183386161,1.5583075335397305,1.0,1.0,2.3417973609549527,ROBUST_CANDIDATE
SEQ:seq_3=strong_down|strong_down|strong_up,pattern strong_down|strong_down|strong_up forward 5m,2621,2550,21,0.0582028940067949,0.7798381351288346,0.26109660574414306,0.5326211369706219,0.05542695052013392,0.1259329465389396,0.21509165550830942,0.0851981949486682,0.27860696517412936,2.3306186102928317,2.6919807310852932,1.0,1.0,2.2253372096245747,ROBUST_CANDIDATE
SEQ:seq_4=strong_down|strong_up|strong_up|strong_up,pattern strong_down|strong_up|strong_up|strong_up forward 5m,528,528,20,-0.6349058122354994,1.3574036887274725,0.14703101198269053,0.509469696969697,0.03892533687711629,0.09874953826110527,0.9181492989732088,0.6499898272830211,1.0,1.9142050428887392,5.932750086335908,1.0,0.0,2.0675410949488726,ROBUST_CANDIDATE
STATE:vlow/high/high/pe_lead,state vlow/high/high/pe_lead forward 5m,106,98,14,1.9033865015050329,0.6619874025287067,1.1962661116909103,0.6509433962264151,0.1750496112317022,0.2976960274451768,0.7985842345377085,0.7835811373116164,0.9950248756218906,2.874168122235287,1.7710396782519955,1.0,1.0,1.9983250337914773,ROBUST_CANDIDATE
SEQ:seq_3=strong_up|strong_up|weak_up,pattern strong_up|strong_up|weak_up forward 5m,1386,1384,21,0.06741469881807197,1.1007741223044272,0.06453484915797247,0.5057720057720058,0.04278572320911403,0.11922233052004463,0.3269734736677564,0.03058594540510822,1.0,1.532567049808429,3.5964277093893395,1.0,1.0,1.9559650085826137,ROBUST_CANDIDATE
SEQ:seq_3=strong_up|strong_up|strong_up,pattern strong_up|strong_up|strong_up forward 5m,1874,1442,20,-0.07740298066693893,1.1113138188726968,0.09217836524292267,0.5106723585912487,0.013906652956031074,0.03862438782259381,0.7692299523899883,0.5360657522599549,1.0,1.9728175820593519,5.701357916888499,1.0,0.0,1.5806338589380644,ROBUST_CANDIDATE
EV:ev_accel_shock,ev_accel_shock==1 forward 5m,7029,2945,21,0.25121043371200347,0.6871811585508004,0.1540832049306715,0.5192772798406601,0.007766693610799929,0.02274853470408075,0.39823498877695895,0.29544993838175176,0.7860696517412935,3.564331843020359,3.8329293726396485,1.0,1.0,1.5287315809227298,ROBUST_CANDIDATE
SEQ:seq_4=weak_down|strong_up|strong_up|weak_up,pattern weak_down|strong_up|strong_up|weak_up forward 5m,268,268,19,0.924567485373859,0.6053008066398364,0.6711424324506083,0.5708955223880597,0.07708128125681897,0.2054439589447675,0.8544703911243378,0.7773655722068249,1.0,1.6272550788310547,3.542215438614448,1.0,1.0,1.4758733141409128,ROBUST_CANDIDATE
EV:ev_volume_shock,ev_volume_shock==1 forward 5m,15128,8062,21,0.05061563962110866,0.2578449832986266,-0.013036364192444694,0.4963643574828133,0.04727967211673875,0.12095281823785048,0.10264713566628028,0.0840316421110222,0.01990049751243781,2.3556333288464124,2.515449560449133,1.0,1.0,1.170904531990352,ROBUST_CANDIDATE
EV:ev_price_shock,ev_price_shock==1 forward 5m,7031,2704,21,0.05952060460511823,0.49906189448923755,0.28129952456417584,0.5299388422699474,0.012991888892705205,0.03763438609409181,0.3261611524749591,0.21187557766325008,0.900497512437811,4.309303262182843,4.545454545454548,1.0,1.0,1.15039566034658,ROBUST_CANDIDATE
STATE:vlow/mid/vlow/neutral,state vlow/mid/vlow/neutral forward 5m,80,79,20,1.4340737856239383,0.44389746613810627,0.9038411222861882,0.6625,0.41430633585024995,0.5614589094477801,0.540269503142401,0.6419451765878286,1.0,2.323884266735279,0.9191334969903249,1.0,1.0,1.0346293888869629,ROBUST_CANDIDATE
STATE:high/vlow/mid/ce_lead,state high/vlow/mid/ce_lead forward 5m,106,98,16,0.1661338541802582,0.5268955922720177,0.47819812400719286,0.5283018867924528,0.11750374510414494,0.32945013891832253,0.8963470791578448,0.48338799066621857,1.0,1.4983350231572057,2.1756500802894063,1.0,1.0,0.9858605040385273,ROBUST_CANDIDATE
STATE:mid/vhigh/vhigh/pe_weak,state mid/vhigh/vhigh/pe_weak forward 5m,76,73,18,0.28648154124923053,0.5894557554845686,0.3745364517488454,0.6842105263157895,0.19855724754964174,0.5506654861436873,0.4096034825519398,0.40214256341760884,1.0,1.890988247193753,1.5143778249041469,1.0,1.0,0.7972263744909395,ROBUST_CANDIDATE
EV:ev_range_expansion,ev_range_expansion==1 forward 5m,16734,11879,21,0.0873817409527287,0.3571618420933671,0.1238901560151433,0.5199593641687582,0.03624963692229052,0.10112004492642106,0.1192874636540657,0.09316863852868564,0.8308457711442786,2.1566798787596175,2.094958394517864,1.0,1.0,0.7153522694670096,ROBUST_CANDIDATE
SEQ:seq_3=weak_down|strong_up|weak_up,pattern weak_down|strong_up|weak_up forward 5m,1984,1969,21,0.13118026902425522,0.6379002585674032,0.0,0.49798387096774194,0.1548115610641368,0.4170647838827072,0.15178033810705946,0.1395621580689822,1.0,1.0966078552982739,2.412842125100697,1.0,1.0,0.6678399785879308,ROBUST_CANDIDATE
SEQ:seq_3=strong_up|strong_up|flat,pattern strong_up|strong_up|flat forward 5m,943,940,21,0.6507989709445615,0.44529438556005446,0.09813542688910104,0.513255567338282,0.11161933519737453,0.3103655025674221,0.2884166802349102,0.245542002665749,0.845771144278607,1.5600417120835925,3.109037564346287,1.0,1.0,0.6416917964990125,ROBUST_CANDIDATE
SEQ:seq_3=weak_up|strong_up|weak_up,pattern weak_up|strong_up|weak_up forward 5m,1730,1659,21,0.3020225039396338,0.5001468560786829,0.0,0.49942196531791905,0.13446799248995325,0.31124713038323665,0.19741157884102395,0.20442065156240874,0.9253731343283582,1.056600523257678,2.746270192271602,1.0,1.0,0.5727776927816026,ROBUST_CANDIDATE
EV:ev_consecutive,ev_consecutive==1 forward 5m,22299,12423,21,0.07945084999318797,0.21312964597335451,0.0,0.498004394815911,0.02602299274150061,0.07295143548692205,0.07775595858365486,0.04422422088591353,0.6666666666666666,1.9754238606315206,1.960396039603956,1.0,1.0,0.495745435128952,ROBUST_CANDIDATE
SEQ:seq_4=weak_down|weak_down|weak_up|strong_down,pattern weak_down|weak_down|weak_up|strong_down forward 5m,446,446,21,1.42889206929652,0.12067011682692716,0.3236430651326003,0.5448430493273543,0.07404593266199617,0.2202942309742729,0.683771903715508,0.40809170624296875,0.6865671641791045,2.275355020394257,1.0070435050907083,1.0,1.0,0.46722614896890896,ROBUST_CANDIDATE
CEPE:simul,simultaneous_expansion==1,88857,16694,21,-0.02434285987686065,-0.006061552510121742,-0.04060419035243967,0.4915313368671011,-0.034764751011151084,-0.09507533025911177,-0.02677584595202759,-0.03856859385088613,0.47761194029850745,1.9002537660418173,1.9179860548329029,1.0,1.0,0.3738403399237528,RESEARCH_CANDIDATE
EV:ev_cepe_div,ev_cepe_div==1 forward 5m,108787,15258,21,-0.008183225999248332,-0.013200481106339562,-0.04734158776402353,0.48983794019506005,-0.028550094396838897,-0.0789781979798531,-0.026239491178724237,-0.035080654860216894,0.4577114427860697,1.7860772365070625,1.8071098986516143,1.0,1.0,0.3566284505529124,RESEARCH_CANDIDATE
SEQ:seq_3=strong_down|weak_up|weak_down,pattern strong_down|weak_up|weak_down forward 5m,2056,2044,21,0.18548629647092524,0.32430926617181094,0.05597730451653149,0.5111867704280155,0.07961807319223015,0.21621249058275155,0.19261562939239169,0.18100312890217457,1.0,1.7032967032966948,1.23047799337436,1.0,1.0,0.2974875916132335,ROBUST_CANDIDATE
SEQ:seq_3=weak_down|weak_up|strong_down,pattern weak_down|weak_up|strong_down forward 5m,1999,1983,21,0.6981815512226933,0.03081455072164346,0.20952380952381588,0.5407703851925963,0.04373978139922627,0.110030506650239,0.38616466343716543,0.2637222854592454,0.7711442786069652,2.2566130351786295,1.124466847615346,1.0,1.0,0.1990823710457303,ROBUST_CANDIDATE
EV:ev_xstrike_div,ev_xstrike_div==1 forward 5m,23185,11226,21,0.036689182029343584,0.20241736582278042,0.010296540362418227,0.5008841923657538,0.01539988292026013,0.04460976724872539,0.08281493459446673,0.048729422787305667,1.0,2.3826339934658183,2.4275092344141385,1.0,1.0,0.17962575009508525,ROBUST_CANDIDATE
SEQ:seq_3=weak_down|strong_up|strong_up,pattern weak_down|strong_up|strong_up forward 5m,1575,1559,21,0.26835488452096673,0.2856188538666759,-0.042767941151311106,0.4926984126984127,0.12430853128958404,0.31550390914766574,0.24483441189848162,0.2562535811036391,1.0,1.4407146035984573,3.922032932764247,1.0,1.0,0.022070102770206546,ROBUST_CANDIDATE
CEPE:pe_lead,cepe_ret_diff<-2 forward 5m (PE),56237,14148,21,-0.04730204885708894,-0.03961179173355635,-0.0552486187845318,0.48878852001351425,-0.02207639134093567,-0.06289230378207136,-0.05663717310535093,-0.06337496955817777,0.900497512437811,1.6958357891964497,1.7922311262714954,1.0,1.0,-0.16297316557155245,RESEARCH_CANDIDATE
SEQ:seq_3=strong_down|weak_up|strong_down,pattern strong_down|weak_up|strong_down forward 5m,1755,1674,21,0.42526073024574856,0.049172183574476794,0.14715291106845996,0.5213675213675214,0.09795496402815375,0.25755700510307566,0.18603838138248968,0.164375997155886,1.0,3.01331464611073,1.41643059490085,1.0,1.0,-0.2029554815498305,ROBUST_CANDIDATE
EV:ev_large_wick,ev_large_wick==1 forward 5m,55166,21158,21,0.06952297696772078,0.0029355066338951487,-0.01591773864686985,0.4952325707863539,0.1081912741388258,0.2902657471822209,0.010200574708287424,-0.006609533260730953,0.9850746268656716,1.539788942722509,1.6288041148735584,1.0,1.0,-0.4762828540911404,ROBUST_CANDIDATE
EV:ev_failed_high,ev_failed_high==1 forward 5m,8142,7209,21,0.07763561179233217,-0.011280121062935132,-0.03061425069711987,0.4927536231884058,-0.06818244503550018,-0.1979894886454015,-0.08522914917059139,-0.11755690401139324,1.0,1.7900967229680924,1.2698412698412613,1.0,0.0,-0.5460807588417569,RESEARCH_CANDIDATE
EV:ev_range_compression,ev_range_compression==1 forward 5m,44501,20331,21,-0.008048935206456624,-0.2145963428359234,-0.03066544004907712,0.4907754881912766,-0.02998880303816402,-0.08428858677224668,-0.06379037886617944,-0.0861883441223387,1.0,1.1519365017907273,1.2010927716190527,1.0,1.0,-0.5664652936128456,RESEARCH_CANDIDATE
EV:ev_pv_div,ev_pv_div==1 forward 5m,3707,3301,21,0.029971209944288688,0.2833919408617968,-0.022941041523267813,0.4958187213380092,0.49923746063130076,1.096091537852201,-0.004177037760086196,0.004484854122922606,0.8905472636815921,1.5413844729664326,1.716889953043981,1.0,1.0,-0.6336917159976356,ROBUST_CANDIDATE
EV:ev_failed_low,ev_failed_low==1 forward 5m,8922,7836,21,0.12668404262753236,-0.02477464668562972,-0.006812971039316551,0.4964133602331316,0.08084765295855498,0.20775879950468537,0.07389337584856413,0.07011780582888992,0.7611940298507462,1.1870503597122275,1.9033286118980173,1.0,0.0,-0.7162108484301759,RESEARCH_CANDIDATE
CEPE:ce_lead,cepe_ret_diff>2 forward 5m (CE),52550,13056,21,0.035604462875685236,0.016336560118824967,-0.040700856490467174,0.49096098953377737,0.21519579720847687,0.5885217323548824,0.002748403565258651,-0.005927419991379377,0.9751243781094527,1.9119270581937575,1.8211464721935824,1.0,1.0,-0.7625696013813208,ROBUST_CANDIDATE
STATE:vhigh/mid/low/neutral,state vhigh/mid/low/neutral forward 5m,103,98,17,1.558055785118357,-0.3799304390043983,0.6177156177156178,0.5922330097087378,0.12721776052307404,0.357457223410599,0.8386921802258571,0.4477188396299558,0.9701492537313433,1.694915254237284,2.76196500105419,1.0,0.0,-1.1807145616455048,RESEARCH_CANDIDATE
STATE:vhigh/mid/mid/neutral,state vhigh/mid/mid/neutral forward 5m,123,119,19,0.714191838570498,-0.45758162989052664,0.6442705936493383,0.6016260162601627,0.10438980762638875,0.27813980690395335,0.6727012608686689,0.587335918624919,1.0,1.8999197217019062,2.6715110066253476,1.0,0.0,-1.2494592456802693,RESEARCH_CANDIDATE
STATE:vhigh/mid/vlow/pe_lead,state vhigh/mid/vlow/pe_lead forward 5m,81,76,15,1.0115150455643267,-0.5353300259021759,0.44815329933550174,0.5555555555555556,0.16353699706956593,0.4632945140455068,0.471877741197507,0.08429929865415284,1.0,1.0098792535675132,2.176035709303951,1.0,0.0,-1.8085423942903787,RESEARCH_CANDIDATE
SEQ:seq_5=strong_down|weak_down|weak_down|weak_up|flat,pattern strong_down|weak_down|weak_down|weak_up|flat forward 5m,64,65,19,2.9766375449398432,-0.838919339496474,0.47628620308465486,0.578125,0.2464299687795224,0.6420391880848036,0.8323127697714587,-0.11120799292640458,1.0,1.1323268206039128,1.0505394662123761,1.0,0.0,-2.544018436637698,RESEARCH_CANDIDATE
STATE:high/vlow/high/neutral,state high/vlow/high/neutral forward 5m,61,61,13,1.6886863241802907,-0.785267964288753,-0.3491271820448816,0.4426229508196721,0.2802595666195601,0.6452750631749757,0.3427436790033039,0.4862239456216895,1.0,1.849551414768803,2.33898305084745,1.0,0.0,-3.3010324408358374,RESEARCH_CANDIDATE
