candidate,discovery_family,feature_definition,timestamp_definition,forward_label_definition,type,contract,direction,timeframe,events,clusters,wins,losses,avg_winner,avg_loser,FWD_events,FWD_WR,FWD_expectancy,FWD_median,FWD_TRADE_SHARPE,FWD_PF,FWD_IS_expectancy,FWD_OOS_events,FWD_OOS_expectancy,FWD_OOS_WR,IS_expectancy,IS_PF,IS_TRADE_SHARPE,IS_Sortino,IS_MAE,IS_MFE,IS_DAILY_SHARPE,IS_BOOTSTRAP_SHARPE,IS_SURROGATE_SHARPE,exit_cap_dominated,exit_reason_mix,OOS_events,OOS_expectancy,OOS_WR,OOS_result,METRIC_INTEGRITY,top5,rm_best3,perm_p,final_status,failure_reason,perm_p_adj
EV:e_large_ret,RAW_OPTION_PRICE,e_large_ret,signal bar close t (past-only),fwd_ret_5m,OPTION_NATIVE_DISCOVERY,chain,long,5m,1409,545,398,1011,0.9932030245731133,-0.4994482376790355,1409,0.5188076650106459,0.24840255205939918,0.1540832049306715,2.3358931919618464,1.1919100439479982,0.06470582334886549,556,0.5302250513221423,0.5665467625899281,-0.07781927928559677,0.7828516384678894,-4.340037078498418,-246.2577201049888,1.439719313780704,1.4985187197302892,-11.0321960936194,-4.321534212076229,-4.341578004839892,True,"{'SL': 1008, 'TP': 392, 'TIME': 9}",556,-0.10611510791366956,0.26258992805755393,OOS_SURVIVED_MARK,PASS,-0.045600731236806746,-0.08011903592703117,0.2935323383084577,SURROGATE_REJECTED,surrogate-fail;exit-cap-dominated,1.0
EV:e_expansion,RAW_OPTION_PRICE,e_expansion,signal bar close t (past-only),fwd_ret_5m,OPTION_NATIVE_DISCOVERY,chain,long,5m,2749,2023,886,1862,0.9544500321988076,-0.49646795822059153,2749,0.5176427791924336,0.1211473743339187,0.09836065573772146,2.0488455225214683,1.1275554783157697,0.1303364927038309,942,0.10352026510416139,0.5191082802547771,-0.028657915488758748,0.9147786447804079,-2.191542732142884,-43.61075225893205,1.0847630939107644,1.1207417106307245,-5.991999866736219,-2.2884136188527493,-2.1919414449918966,True,"{'SL': 1837, 'TP': 817, 'TIME': 95}",942,-0.057555714365302026,0.2961783439490446,OOS_SURVIVED_MARK,PASS,-0.0634673940757575,-0.029781722388418714,1.0,SURROGATE_REJECTED,surrogate-fail;exit-cap-dominated,1.0
EV:e_vol_shock,OPTION_VOLUME,e_vol_shock,signal bar close t (past-only),fwd_ret_5m,OPTION_NATIVE_DISCOVERY,chain,long,5m,2991,1498,877,2113,0.9698391168652006,-0.49743834487927485,2991,0.4861250417920428,0.0016219035064344225,-0.05346521419501471,0.023113478917402817,1.0013434553319915,-0.022823785678321655,1057,0.04635034521250658,0.49290444654683063,-0.06704724748884214,0.809208681351597,-5.449066135730689,-120.6230504946376,1.193798764996867,1.1773506963701763,-13.351746847671187,-5.453729220147081,-5.449977266527457,True,"{'SL': 2094, 'TP': 830, 'TIME': 67}",1057,-0.09908137800081147,0.26773888363292336,OOS_SURVIVED_MARK,PASS,-0.02493289097483488,-0.06811858006664219,0.4228855721393035,REJECTED,surrogate-fail;exit-cap-dominated,1.0
EV:ev_largeRet_volShock,OPTION_VOLUME,ev_largeRet_volShock,signal bar close t (past-only),fwd_ret_5m,OPTION_NATIVE_DISCOVERY,chain,long,5m,684,303,167,517,1.0,-0.4997908529129266,684,0.4926900584795322,-0.04659501072631928,-0.043092330918867106,-0.30045691562226107,0.9696770254505765,-0.2595109645208077,287,0.24792636089880926,0.5400696864111498,-0.1336138464268758,0.6463051619315392,-5.419694266832771,-734.8224657580492,1.618994200192461,1.5930342508256177,-15.907211178557397,-5.424361784119572,-5.423660372569367,True,"{'SL': 516, 'TP': 167, 'TIME': 1}",287,-0.1602787456445995,0.2264808362369338,OOS_SURVIVED_MARK,PASS,-0.05470946100237016,-0.13860774002346996,0.7313432835820896,REJECTED,surrogate-fail;exit-cap-dominated,1.0
EV:ev_compress_expand,EVENT,ev_compress_expand,signal bar close t (past-only),fwd_ret_5m,OPTION_NATIVE_DISCOVERY,chain,long,5m,538,501,190,348,0.932705718891365,-0.4928450374846058,538,0.5353159851301115,0.20590226241751874,0.1537699298733628,1.7386534558260551,1.2687432297357992,0.24083989810456086,180,0.13641518699551275,0.5444444444444444,0.010602255659324355,1.0332576008129377,0.35468962129209336,4.9955827865776055,0.8840137010915216,1.0073567779866246,1.164183410261199,0.3768613405593787,0.35501971821843137,True,"{'SL': 338, 'TP': 168, 'TIME': 32}",180,0.006953867764381666,0.3388888888888889,OOS_SURVIVED_MARK,PASS,0.8765757585956971,0.005054230924703744,0.9800995024875622,SURROGATE_REJECTED,concentration;surrogate-fail;exit-cap-dominated,1.0
EV:ev_ret_vol_expand,EVENT,ev_ret_vol_expand,signal bar close t (past-only),fwd_ret_5m,OPTION_NATIVE_DISCOVERY,chain,long,5m,175,131,46,129,1.0,-0.5000000000000017,175,0.45714285714285713,-0.31448333362272757,-0.255264837268669,-0.9852039929038171,0.806766368936652,-0.4065415818039726,73,-0.18585400054756326,0.4383561643835616,-0.10571428571428693,0.713178294573641,-2.111938768334788,-182406302864315.1,1.725095218493521,1.8228577837856996,-4.54979173575122,-2.1627927562404228,-2.1179988601324635,True,"{'SL': 129, 'TP': 46}",73,-0.08904109589041193,0.273972602739726,OOS_REJECTED,PASS,-0.2702702702702672,-0.12500000000000125,0.15920398009950248,OOS_REJECTED,surrogate-fail;exit-cap-dominated;OOS_REJECTED,1.0
EV:e_atm_move,CROSS_STRIKE_RELATIONSHIP,e_atm_move,signal bar close t (past-only),fwd_ret_5m,OPTION_NATIVE_DISCOVERY,chain,long,5m,2600,1049,782,1818,0.9869292417181396,-0.49927343980457106,2600,0.5076923076923077,0.09596160958762893,0.059025094746360196,1.3655136003658788,1.0803932759632942,-0.005756663009176658,974,0.2657705533683331,0.5492813141683778,-0.05226940251581733,0.8502769927057087,-3.9001295376708733,-177.87333546926092,1.2913609003510778,1.3078054458707085,-10.476743383839677,-3.9250089863540736,-3.9008797732952654,True,"{'SL': 1810, 'TP': 759, 'TIME': 31}",974,-0.10728952772073952,0.2618069815195072,OOS_SURVIVED_MARK,PASS,-0.0367916377558549,-0.053484962087456726,0.30845771144278605,REJECTED,surrogate-fail;exit-cap-dominated,1.0
EV:ev_CE_leads_PE,OPTION_TYPE_RELATIONSHIP,ev_CE_leads_PE,signal bar close t (past-only),fwd_ret_5m,OPTION_NATIVE_DISCOVERY,chain,long,5m,554,458,198,356,0.9818173481679464,-0.498615126854698,554,0.4963898916967509,-0.020695398286880905,-0.0020325203252014035,-0.1327940057397417,0.981553254510022,-0.14619797356022615,404,0.025902092532430455,0.49257425742574257,0.030492508622709198,1.0951672395411833,1.006094633088678,34.779731434610945,1.0077552631731874,1.00137803414647,3.313812289310336,0.9717063315832557,1.0070038904542882,True,"{'SL': 354, 'TP': 190, 'TIME': 10}",404,0.01754867697846256,0.349009900990099,OOS_SURVIVED_MARK,PASS,0.29598321573979025,0.025213883442796518,1.0,REJECTED,surrogate-fail;exit-cap-dominated,1.0
EV:ev_PE_leads_CE,OPTION_TYPE_RELATIONSHIP,ev_PE_leads_CE,signal bar close t (past-only),fwd_ret_5m,OPTION_NATIVE_DISCOVERY,chain,long,5m,1032,828,371,660,0.9477382451199436,-0.4934785158315865,1032,0.49127906976744184,0.19104313596675895,-0.0282771622969733,1.1602801163079606,1.1630164635155797,0.23856182070953352,224,0.01963645171603615,0.48660714285714285,0.025111500475437976,1.0795683176251325,1.1493237871929154,17.568689883193503,1.1057920169905302,1.0783151078032847,3.6781015476564884,1.1104491094354825,1.1498810334834233,True,"{'SL': 644, 'TP': 342, 'TIME': 46}",224,0.03064259966744411,0.35714285714285715,OOS_SURVIVED_MARK,PASS,0.1929379427186767,0.022269259952042764,0.7064676616915423,SURROGATE_REJECTED,surrogate-fail;exit-cap-dominated,1.0
BREADTH:pos,CHAIN_BREADTH,breadth_diff>0,signal bar close t (past-only),fwd_ret_5m,OPTION_NATIVE_DISCOVERY,chain,long,5m,19784,3129,6511,13264,0.966180913761553,-0.4962170372322983,19784,0.49145774363121714,0.016442443893299942,-0.026721938180465088,0.7320418221870468,1.0170119401519724,0.026930367785565942,7344,-0.001323048102858691,0.4824346405228758,-0.01470980854972364,0.9557844594129333,-2.985155236752507,-56.96221811819135,0.9483287067185123,0.9319463368176562,-5.699577835696534,-3.0381444140821876,-2.9852306789780694,True,"{'SL': 13087, 'TP': 6129, 'TIME': 568}",7344,-0.042950916895519164,0.3054193899782135,OOS_REJECTED,PASS,-0.01718101751712502,-0.014863700133852274,0.6318407960199005,OOS_REJECTED,surrogate-fail;exit-cap-dominated;OOS_REJECTED,1.0
BREADTH:neg,CHAIN_BREADTH,breadth_diff<0,signal bar close t (past-only),fwd_ret_5m,OPTION_NATIVE_DISCOVERY,chain,long,5m,22276,3038,7538,14725,0.9626515371728227,-0.4957699525625764,22252,0.4941578285097969,-0.009310474551895952,-0.01482132967785077,-0.45342304757144475,0.9898216870841845,-0.007171095855755635,7612,-0.013425096742055461,0.4934314240672622,-0.0019637845338121886,0.994007672520945,-0.42077886320068225,-7.563415528695537,0.8860163533956388,0.8994325993293857,-0.9705778744029697,-0.4262067698979356,-0.4207883075828985,True,"{'SL': 14514, 'TP': 7033, 'TIME': 729}",7636,-0.02446266000033151,0.3171817705605029,OOS_REJECTED,PASS,-0.11429808649789412,-0.002098741268585264,0.5373134328358209,OOS_REJECTED,surrogate-fail;exit-cap-dominated;OOS_REJECTED,1.0
SEQ:seq2=weak_up|weak_down,SEQUENCE,weak_up|weak_down,signal bar close t (past-only),fwd_ret_5m,OPTION_NATIVE_DISCOVERY,chain,long,5m,3274,2772,1117,2156,0.9512074817938873,-0.4943188208810585,3271,0.4931213696117395,0.01568896977656728,-0.01831166453030164,0.2853290527433294,1.0184192915174026,0.031738012534238996,897,-0.026786423207504788,0.49052396878483834,-0.0009934699620616453,0.9969480493072929,-0.08189286396607946,-1.241753064833768,0.8462688657085075,0.8620222038499652,-0.2932055405295207,-0.05443197270502393,-0.08190537325988076,True,"{'SL': 2113, 'TP': 1019, 'TIME': 142}",900,-0.010903085088946874,0.32666666666666666,OOS_REJECTED,PASS,-1.5372219908583065,-0.0019115318421858054,0.9253731343283582,OOS_REJECTED,surrogate-fail;exit-cap-dominated;OOS_REJECTED,1.0
SEQ:seq2=weak_down|weak_up,SEQUENCE,weak_down|weak_up,signal bar close t (past-only),fwd_ret_5m,OPTION_NATIVE_DISCOVERY,chain,long,5m,3218,2700,1046,2170,0.9544297860915418,-0.49197433715317385,3216,0.4723258706467662,-0.13282582432556406,-0.08664063378004272,-2.510610223387222,0.8521376659371136,-0.055447539199029,821,-0.3585517596216073,0.4762484774665043,-0.02151981211020338,0.9351332212203498,-1.780637628707408,-22.294761695119224,0.8307362979280392,0.8111198560071287,-5.181304599122054,-1.855354899477381,-1.7809143589773644,True,"{'SL': 2115, 'TP': 957, 'TIME': 146}",823,-0.011099382888977029,0.3268529769137303,OOS_REJECTED,PASS,-0.07220137850106721,-0.022473018777802358,1.0,OOS_REJECTED,surrogate-fail;exit-cap-dominated;OOS_REJECTED,1.0
SEQ:seq2=weak_up|weak_up,SEQUENCE,weak_up|weak_up,signal bar close t (past-only),fwd_ret_5m,OPTION_NATIVE_DISCOVERY,chain,long,5m,2962,2112,956,2005,0.9623396060889214,-0.4946437659254684,2960,0.4783783783783784,-0.03178779856232945,-0.08165213224237533,-0.4820306027933158,0.9643862557088055,-0.10555444821706532,810,0.16401256780517937,0.4802469135802469,-0.024228253632530457,0.9276397183390153,-1.915593274771285,-30.14019774052325,0.8558539264546589,0.7916913298634585,-4.162664368034094,-1.8889934293005908,-1.9159167153455936,True,"{'SL': 1970, 'TP': 898, 'TIME': 94}",812,-0.04966851436933843,0.30049261083743845,OOS_SURVIVED_MARK,PASS,-0.06967273173719993,-0.025266673626074772,0.26865671641791045,REJECTED,surrogate-fail;exit-cap-dominated,1.0
SEQ:seq2=weak_down|weak_down,SEQUENCE,weak_down|weak_down,signal bar close t (past-only),fwd_ret_5m,OPTION_NATIVE_DISCOVERY,chain,long,5m,2952,2097,1086,1865,0.9546873314845655,-0.4950371394638512,2950,0.5152542372881356,0.026478998896303126,0.06163755144612537,0.4926454929268254,1.032205302764352,0.09031031271067225,834,-0.13547191241209625,0.4988009592326139,0.03846415206373841,1.1229860625019392,2.9531544882756386,50.18545374682525,0.8417638155882384,0.9066064370144692,8.119592001044966,2.9292545552570224,2.9536548067626254,True,"{'SL': 1831, 'TP': 998, 'TIME': 123}",836,-0.021468512020578326,0.32057416267942584,OOS_REJECTED,PASS,0.04403494804363971,0.03748598741680428,0.9054726368159204,OOS_REJECTED,surrogate-fail;exit-cap-dominated;OOS_REJECTED,1.0
SEQ:seq2=weak_up|flat,SEQUENCE,weak_up|flat,signal bar close t (past-only),fwd_ret_5m,OPTION_NATIVE_DISCOVERY,chain,long,5m,2450,2174,826,1620,0.9316859863386079,-0.4929300132042673,2445,0.469120654396728,-0.04318953282417523,-0.12374049849745461,-0.7535746304817168,0.9479430306310397,-0.06668150325065357,522,0.04335272604578233,0.46360153256704983,-0.0118261210919277,0.9637165872360015,-0.8547170663067672,-11.911331043208392,0.8180583907697694,0.7977915803951993,-2.167887990370663,-0.8243313288619297,-0.854891550528329,True,"{'SL': 1578, 'TP': 720, 'TIME': 152}",527,-0.07362782835323098,0.286527514231499,OOS_SURVIVED_MARK,PASS,-0.1725685295006521,-0.013066610819461751,0.900497512437811,REJECTED,surrogate-fail;exit-cap-dominated,1.0
SEQ:seq2=weak_down|flat,SEQUENCE,weak_down|flat,signal bar close t (past-only),fwd_ret_5m,OPTION_NATIVE_DISCOVERY,chain,long,5m,2372,2091,799,1570,0.9276910706859678,-0.49411061021354663,2371,0.49177562210037956,-0.04052107497070388,-0.018820577164362362,-0.7356421690572219,0.9499253129896315,-0.05877410745677124,557,0.018924169068301834,0.4919210053859964,-0.014556700066264793,0.9554903902810726,-1.0363734133208458,-16.140271869830805,0.8350060326340433,0.7744985075783092,-3.2987707261786445,-1.0303887160684495,-1.036591940729792,True,"{'SL': 1534, 'TP': 702, 'TIME': 136}",558,-7.32532197234349e-05,0.33512544802867383,OOS_SURVIVED_MARK,PASS,-0.14480794351852688,-0.015841491159636983,0.7960199004975125,REJECTED,surrogate-fail;exit-cap-dominated,1.0
SEQ:seq3=weak_up|weak_down|weak_up,SEQUENCE,weak_up|weak_down|weak_up,signal bar close t (past-only),fwd_ret_5m,OPTION_NATIVE_DISCOVERY,chain,long,5m,958,850,320,638,0.9512303979523784,-0.4879221056076223,957,0.46917450365726227,-0.1071465591234571,-0.0796305144131253,-1.4519507044678002,0.867877719664011,-0.0030614799196021177,223,-0.4497404969513923,0.48878923766816146,-0.007203106506160746,0.9778326299002968,-0.323616203319188,-3.2551953809766037,0.7777386889751685,0.8189881808947654,-0.9073278193630387,-0.310442109321096,-0.3237852371792708,True,"{'SL': 616, 'TP': 293, 'TIME': 49}",224,-0.018883986622508533,0.32142857142857145,OOS_REJECTED,PASS,-0.7245771912605505,-0.010367095322410466,0.8855721393034826,OOS_REJECTED,surrogate-fail;exit-cap-dominated;OOS_REJECTED,1.0
SEQ:seq3=weak_up|weak_down|weak_down,SEQUENCE,weak_up|weak_down|weak_down,signal bar close t (past-only),fwd_ret_5m,OPTION_NATIVE_DISCOVERY,chain,long,5m,916,893,329,586,0.9538525047152183,-0.4941155216560851,916,0.5152838427947598,0.0749913343566951,0.05823052212765134,0.8369707140046129,1.0976162505891247,0.1471755113178088,211,-0.16619276402048577,0.4881516587677725,0.026491024411398483,1.083804649470198,1.139867067769548,17.61193783597102,0.8125619583824873,0.8691210223378253,3.70861409549273,1.1906731767230532,1.140489774233977,True,"{'SL': 572, 'TP': 302, 'TIME': 42}",211,-0.016587677725118415,0.3222748815165877,OOS_REJECTED,PASS,0.206051498767036,0.02329219973805149,0.9900497512437811,OOS_REJECTED,surrogate-fail;exit-cap-dominated;OOS_REJECTED,1.0
SEQ:seq3=weak_down|weak_up|weak_down,SEQUENCE,weak_down|weak_up|weak_down,signal bar close t (past-only),fwd_ret_5m,OPTION_NATIVE_DISCOVERY,chain,long,5m,901,805,310,590,0.9410179385354376,-0.49432271077067763,900,0.48777777777777775,-0.09121652815059468,-0.034863782999657644,-1.1619041105933399,0.8873607248905536,0.024095017833428982,243,-0.40298478210739935,0.4403292181069959,7.232141097217367e-05,1.0002234236312724,0.0031403276906161793,0.04604423381501427,0.8591728702018594,0.7576702800600964,0.011431842340849502,-0.018501806627543728,0.0031420718282137244,True,"{'SL': 578, 'TP': 271, 'TIME': 52}",244,-0.045081967213114464,0.30327868852459017,OOS_REJECTED,PASS,76.73231886037185,-0.003268194219058002,0.9900497512437811,OOS_REJECTED,concentration;surrogate-fail;exit-cap-dominated;OOS_REJECTED,1.0
SEQ:seq3=weak_down|weak_down|weak_up,SEQUENCE,weak_down|weak_down|weak_up,signal bar close t (past-only),fwd_ret_5m,OPTION_NATIVE_DISCOVERY,chain,long,5m,897,878,296,600,0.9360647530561627,-0.49166763193404656,896,0.47098214285714285,-0.046347246641306,-0.10471713066389299,-0.3601543447456625,0.9494516109804242,0.003878330374634723,194,-0.22809134491548327,0.4587628865979381,-0.019983737185957483,0.9392360099535413,-0.876943595426337,-10.275211561168524,0.771039696282702,0.8603559171072425,-2.4692248997410786,-0.8679080870788591,-0.8774328235199945,True,"{'SL': 585, 'TP': 260, 'TIME': 52}",195,0.01566601727768248,0.3435897435897436,OOS_REJECTED,PASS,-0.27893361271962397,-0.023406501404702323,0.8308457711442786,OOS_REJECTED,surrogate-fail;exit-cap-dominated;OOS_REJECTED,1.0
SEQ:seq3=weak_up|weak_up|weak_down,SEQUENCE,weak_up|weak_up|weak_down,signal bar close t (past-only),fwd_ret_5m,OPTION_NATIVE_DISCOVERY,chain,long,5m,891,878,309,582,0.9582741143288291,-0.49543308976255074,889,0.5016872890888638,0.1831861752762517,0.015153811183509447,1.4420199311451567,1.2372598030803637,0.015874614950953093,196,0.7747520492835573,0.5663265306122449,0.008714526471160187,1.026928583131956,0.37166212814075195,6.366990847745882,0.8052944814078841,0.8985846654873924,0.9331601028782565,0.3741285082957482,0.3718708679390624,True,"{'SL': 572, 'TP': 287, 'TIME': 32}",198,-0.03030303030303052,0.31313131313131315,OOS_SURVIVED_MARK,PASS,0.643944601799098,0.005365589060589782,0.3880597014925373,SURROGATE_REJECTED,concentration;surrogate-fail;exit-cap-dominated,1.0
SEQ:seq3=weak_down|weak_up|weak_up,SEQUENCE,weak_down|weak_up|weak_up,signal bar close t (past-only),fwd_ret_5m,OPTION_NATIVE_DISCOVERY,chain,long,5m,855,841,266,589,0.9505576004628132,-0.4932871597781742,855,0.4502923976608187,-0.3296308979946479,-0.16029751218260913,-2.9208417623286356,0.6646489208791692,-0.3059547151583149,162,-0.4309123467945168,0.4567901234567901,-0.04409101214764481,0.8702518788881745,-1.901342471435217,-25.81826913774302,0.8037473446416499,0.7675939850677442,-5.774145148139013,-1.9342410494303977,-1.9024553411091314,True,"{'SL': 575, 'TP': 245, 'TIME': 35}",162,-0.05608549726196693,0.2962962962962963,OOS_REJECTED,PASS,-0.13263368046057997,-0.04776738895098157,0.8507462686567164,OOS_REJECTED,surrogate-fail;exit-cap-dominated;OOS_REJECTED,1.0
STATE:mid/PE_dom/midlow,CHAIN_STATE,mid/PE_dom/midlow,signal bar close t (past-only),fwd_ret_5m,OPTION_NATIVE_DISCOVERY,chain,long,5m,928,806,312,614,0.9513527461081879,-0.49439247920545226,927,0.49083063646170444,0.15272184198506336,-0.03840614498319894,1.294144185609222,1.200783635050299,0.00738533162607516,324,0.4232092362642913,0.5246913580246914,-0.007257462765509751,0.9778133074163899,-0.3202474242324203,-5.321989835101629,0.7747025760747711,0.8236585643714648,-1.085331559374118,-0.3241791554592061,-0.3204201104477336,True,"{'SL': 599, 'TP': 281, 'TIME': 48}",325,-0.008449302335146696,0.3292307692307692,OOS_SURVIVED_MARK,PASS,-0.7423987154420241,-0.010524243725830324,0.9800995024875622,SURROGATE_REJECTED,surrogate-fail;exit-cap-dominated,1.0
STATE:mid/PE_dom/midhigh,CHAIN_STATE,mid/PE_dom/midhigh,signal bar close t (past-only),fwd_ret_5m,OPTION_NATIVE_DISCOVERY,chain,long,5m,906,807,337,566,0.9511430882651439,-0.49574275837028775,905,0.47955801104972373,0.0093763704505069,-0.05715374357019698,0.08726385505626302,1.010015058271245,-0.1079106284904581,303,0.24240202511209413,0.5082508250825083,0.04408920475471375,1.1423598930383523,1.8742631940109307,35.241790066830085,0.89505612464342,0.8820755950239887,5.4698876224634025,1.9364341096758644,1.8752984099949734,True,"{'SL': 557, 'TP': 309, 'TIME': 40}",304,0.04276315789473656,0.3618421052631579,OOS_SURVIVED_MARK,PASS,0.12517267724860615,0.040913421381805794,1.0,REJECTED,surrogate-fail;exit-cap-dominated,1.0
STATE:low/PE_dom/midhigh,CHAIN_STATE,low/PE_dom/midhigh,signal bar close t (past-only),fwd_ret_5m,OPTION_NATIVE_DISCOVERY,chain,long,5m,888,777,283,605,0.9751071761365712,-0.4978114556151723,887,0.5197294250281849,-0.025121323989889737,0.09839291571007891,-0.22585613876681496,0.9731292405573984,0.004800511294778525,431,-0.05677876456949235,0.5266821345707656,-0.028401576351947715,0.9162595770972317,-1.2241629900287114,-29.396033929814074,0.9191045481644748,0.8659208671418369,-4.209673846922427,-1.220474677022522,-1.2248528519287705,True,"{'SL': 601, 'TP': 273, 'TIME': 14}",432,-0.03125000000000046,0.3125,OOS_REJECTED,PASS,-0.19825063795251274,-0.03188768339042888,0.9950248756218906,OOS_REJECTED,surrogate-fail;exit-cap-dominated;OOS_REJECTED,1.0
STATE:vhigh/CE_dom/high_vol,CHAIN_STATE,vhigh/CE_dom/high_vol,signal bar close t (past-only),fwd_ret_5m,OPTION_NATIVE_DISCOVERY,chain,long,5m,871,697,260,611,0.9811755795521897,-0.4985492650694331,871,0.5063145809414467,0.08651665267113083,0.03226847370119401,0.6505867501330023,1.078664095461886,0.09026776261577553,355,0.08106433511778813,0.49859154929577465,-0.05684035622715764,0.8374729489482837,-2.46502754267776,-66.19999882718113,1.1725014063390307,1.1522777299645026,-6.844784033861593,-2.4680125487086273,-2.466443814688267,True,"{'SL': 609, 'TP': 252, 'TIME': 10}",355,-0.0901408450704229,0.27323943661971833,OOS_SURVIVED_MARK,PASS,-0.10099388022211364,-0.0604930302694174,0.9601990049751243,SURROGATE_REJECTED,surrogate-fail;exit-cap-dominated,1.0
STATE:low/PE_dom/high_vol,CHAIN_STATE,low/PE_dom/high_vol,signal bar close t (past-only),fwd_ret_5m,OPTION_NATIVE_DISCOVERY,chain,long,5m,857,696,250,607,0.9781499054138726,-0.49822540790860803,856,0.47079439252336447,-0.01939571364228771,-0.1451789205066092,-0.16720924822247787,0.9814795716258178,0.07077579391510028,364,-0.14127588319787807,0.43956043956043955,-0.06754416131511892,0.8085946498703288,-2.9285421385870887,-77.30284035637821,1.0013871256666054,0.9049662948917765,-8.67371002387424,-2.9576353226438554,-2.9302522319895825,True,"{'SL': 603, 'TP': 242, 'TIME': 12}",365,-0.10314857235171636,0.26575342465753427,OOS_REJECTED,PASS,-0.08637764692051432,-0.07129431644854438,0.9950248756218906,OOS_REJECTED,surrogate-fail;exit-cap-dominated;OOS_REJECTED,1.0
STATE:mid/CE_dom/midlow,CHAIN_STATE,mid/CE_dom/midlow,signal bar close t (past-only),fwd_ret_5m,OPTION_NATIVE_DISCOVERY,chain,long,5m,841,732,279,560,0.9514359136154614,-0.4988985972036722,841,0.4589774078478002,-0.18835165509985813,-0.16048949295350212,-2.1643232343584002,0.7953702900383238,0.019160200751932133,260,-0.6520608406763587,0.4115384615384615,-0.016566699804212402,0.9501308818299418,-0.6957262211139057,-32.79291456178213,0.82524781209981,0.8549964364257744,-2.791280759651533,-0.8042980666344979,-0.696140219678365,True,"{'SL': 556, 'TP': 254, 'TIME': 31}",260,-0.06482349233314919,0.2923076923076923,OOS_REJECTED,PASS,-0.35887070332209553,-0.02020596006604134,0.9601990049751243,OOS_REJECTED,surrogate-fail;exit-cap-dominated;OOS_REJECTED,1.0
LL:BANKNIFTY29SEP2657500PE->BANKNIFTY29SEP2656500PE@1,LEAD_LAG,BANKNIFTY29SEP2657500PE|return_5m(>1%)@1bar,signal bar close t (past-only),fwd_ret_5m,OPTION_NATIVE_DISCOVERY,BANKNIFTY29SEP2657500PE->BANKNIFTY29SEP2656500PE,long,5m,7521,40,2523,4996,0.9844267024536146,-0.4981976987347058,7517,0.5112411866436078,0.08782661205526213,0.06449948400413064,2.0140830686276803,1.0833898588800435,0.09509101251837473,2443,0.07273878235823651,0.5010233319688907,-0.0007029826603005735,0.9978757968195743,-0.08674851747124628,-2.4632219386486227,0.9727336072743137,0.9837983215847351,-0.1522304442650673,-0.07054903938897975,-0.08675428500961148,True,"{'SL': 4964, 'TP': 2450, 'TIME': 107}",2447,-0.07914006662425734,0.28075194115243157,OOS_SURVIVED_MARK,PASS,-0.9456921907413992,-0.0011023054786007695,0.1044776119402985,SURROGATE_REJECTED,surrogate-fail;exit-cap-dominated,1.0
LL:BANKNIFTY29SEP2656500CE->BANKNIFTY29SEP2656500PE@5,LEAD_LAG,BANKNIFTY29SEP2656500CE|return_5m(>1%)@5bar,signal bar close t (past-only),fwd_ret_5m,OPTION_NATIVE_DISCOVERY,BANKNIFTY29SEP2656500CE->BANKNIFTY29SEP2656500PE,long,5m,5555,272,1755,3800,0.9897982135610858,-0.4989946605056885,5551,0.5047739146099802,0.10384596091206762,0.0324851109907911,1.890506631683444,1.0920110017741567,0.16255277131645435,2605,0.03745430507662686,0.4978886756238004,-0.028637955917535717,0.9161029704676636,-3.07634855840245,-123.66412938460547,1.0310227425744722,1.0224937243555623,-5.841580087884684,-3.0871516229247136,-3.076625490418623,True,"{'SL': 3784, 'TP': 1721, 'TIME': 50}",2609,-0.07020151131834336,0.2866998850134151,OOS_SURVIVED_MARK,PASS,-0.031429966984820736,-0.02919377613867274,0.9502487562189055,SURROGATE_REJECTED,surrogate-fail;exit-cap-dominated,1.0
LL:BANKNIFTY29SEP2657500PE->BANKNIFTY29SEP2656500PE@5,LEAD_LAG,BANKNIFTY29SEP2657500PE|return_5m(>1%)@5bar,signal bar close t (past-only),fwd_ret_5m,OPTION_NATIVE_DISCOVERY,BANKNIFTY29SEP2657500PE->BANKNIFTY29SEP2656500PE,long,5m,7436,39,2511,4923,0.9837087995154772,-0.4981694233536609,7432,0.509956942949408,0.07755418477783867,0.058738859749162486,1.7800266503414341,1.0741594129969145,0.09616252666989952,2415,0.03889660661118471,0.4968944099378882,0.002367499248694309,1.0071783119437931,0.29011003769530475,8.188392701242202,0.9589322695878991,0.9703251820649451,0.5212930376608534,0.2739829860458874,0.2901295463807397,True,"{'SL': 4890, 'TP': 2436, 'TIME': 110}",2419,-0.07488869079353355,0.28358825961140965,OOS_SURVIVED_MARK,PASS,0.2840146703020897,0.0019648492416643377,0.1044776119402985,SURROGATE_REJECTED,surrogate-fail;exit-cap-dominated,1.0
LL:BANKNIFTY29SEP2657000PE->BANKNIFTY29SEP2656500PE@5,LEAD_LAG,BANKNIFTY29SEP2657000PE|return_5m(>1%)@5bar,signal bar close t (past-only),fwd_ret_5m,OPTION_NATIVE_DISCOVERY,BANKNIFTY29SEP2657000PE->BANKNIFTY29SEP2656500PE,long,5m,7615,30,2569,5044,0.9849518148269093,-0.4982133368695624,7611,0.5096570752857706,0.07626996623810607,0.05747952291994807,1.778410358272055,1.0727587064752866,0.09598884923513373,2603,0.03833213832834252,0.498271225509028,0.002278810390053472,1.0069053814139983,0.2824978489315505,8.072868178550776,0.9618042967873125,0.9703165339086123,0.4995043667170819,0.35730040191082246,0.2825163991326198,True,"{'SL': 5011, 'TP': 2497, 'TIME': 107}",2607,-0.06987178482146444,0.2869198312236287,OOS_SURVIVED_MARK,PASS,0.2881322733071776,0.001885593946434193,1.0,SURROGATE_REJECTED,surrogate-fail;exit-cap-dominated,1.0
LL:BANKNIFTY29SEP2657500PE->BANKNIFTY29SEP2656500PE@2,LEAD_LAG,BANKNIFTY29SEP2657500PE|return_5m(>1%)@2bar,signal bar close t (past-only),fwd_ret_5m,OPTION_NATIVE_DISCOVERY,BANKNIFTY29SEP2657500PE->BANKNIFTY29SEP2656500PE,long,5m,7500,36,2518,4980,0.9843056280307799,-0.498267061762319,7496,0.509871931696905,0.08503555508936503,0.060075763156383744,1.9501408328796737,1.0808115446753557,0.09607346183273549,2436,0.06210788344673178,0.4975369458128079,-0.00038511949264602284,0.9988359671340481,-0.04744675761482438,-1.378340380019076,0.9691788624429699,0.9774025331126888,-0.0814728571688857,-0.07183123943509542,-0.04744992098083917,True,"{'SL': 4948, 'TP': 2447, 'TIME': 105}",2440,-0.07974175921029464,0.28032786885245903,OOS_SURVIVED_MARK,PASS,-1.7310644602438168,-0.0007854336661124716,0.9353233830845771,SURROGATE_REJECTED,surrogate-fail;exit-cap-dominated,1.0
LL:BANKNIFTY29SEP2657500PE->BANKNIFTY29SEP2657000PE@1,LEAD_LAG,BANKNIFTY29SEP2657500PE|return_5m(>1%)@1bar,signal bar close t (past-only),fwd_ret_5m,OPTION_NATIVE_DISCOVERY,BANKNIFTY29SEP2657500PE->BANKNIFTY29SEP2657000PE,long,5m,7613,30,2551,5059,0.981937441579676,-0.4974491265852482,7609,0.5075568405835195,0.08330299359325935,0.042820439623184825,2.1742485510808525,1.088388374156302,0.08822212959471482,2442,0.07289464972777182,0.5,-0.0015332612537786938,0.9953617020952639,-0.19068774461247381,-4.412285296459973,0.9168079787164309,0.9305947819516566,-0.4120259540351586,-0.22332741970002398,-0.19070026939859067,True,"{'SL': 5017, 'TP': 2467, 'TIME': 129}",2446,-0.024201938227241305,0.31766148814390843,OOS_SURVIVED_MARK,PASS,-0.4283492526863776,-0.0019280838272033108,0.3482587064676617,SURROGATE_REJECTED,surrogate-fail;exit-cap-dominated,1.0
